doc,idx,Word_EBM,Sent_pos,Word,Lemma,UPOS,XPOS,HEAD,DEPREL
10084579,0,Genotyping,1,Genotyping,genotyping,NN,_,0,ROOT
10084579,1,of,2,of,of,IN,_,3,case
10084579,2,CYP21,3,CYP21,cyp21,NN,_,1,nmod
10084579,3,",",4,",",",",",",_,3,punct
10084579,4,linked,5,linked,link,VBN,_,8,amod
10084579,5,chromosome,6,chromosome,chromosome,NN,_,8,compound
10084579,6,6p,7,6p,6p,NN,_,8,compound
10084579,7,markers,8,markers,marker,NNS,_,3,conj
10084579,8,",",9,",",",",",",_,3,punct
10084579,9,and,10,and,and,CC,_,3,cc
10084579,10,a,11,a,a,DT,_,13,det
10084579,11,sex-specific,12,sex-specific,sex-specific,JJ,_,13,amod
10084579,12,gene,13,gene,gene,NN,_,3,conj
10084579,13,in,14,in,in,IN,_,16,case
10084579,14,neonatal,15,neonatal,neonatal,JJ,_,16,amod
10084579,15,screening,16,screening,screening,NN,_,13,nmod
10084579,16,for,17,for,for,IN,_,20,case
10084579,17,congenital,18,congenital,congenital,JJ,_,20,amod
10084579,18,adrenal,19,adrenal,adrenal,JJ,_,20,amod
10084579,19,hyperplasia,20,hyperplasia,hyperplasia,NN,_,16,nmod
10084579,20,.,21,.,.,.,_,1,punct
10084579,21,We,1,We,we,PRP,_,2,nsubj
10084579,22,investigated,2,investigated,investigate,VBD,_,0,ROOT
10084579,23,the,3,the,the,DT,_,7,det
10084579,24,feasibility,4,feasibility,feasibility,NN,_,7,amod
10084579,25,and,5,and,and,CC,_,4,cc
10084579,26,diagnostic,6,diagnostic,diagnostic,JJ,_,4,conj
10084579,27,utility,7,utility,utility,NN,_,2,dobj
10084579,28,of,8,of,of,IN,_,9,mark
10084579,29,genotyping,9,genotyping,genotype,VBG,_,7,acl
10084579,30,9,10,9,9,CD,_,12,nummod
10084579,31,CYP21,11,CYP21,cyp21,NN,_,12,compound
10084579,32,mutations,12,mutations,mutation,NNS,_,9,dobj
10084579,33,",",13,",",",",",",_,7,punct
10084579,34,linked,14,linked,link,VBN,_,17,amod
10084579,35,chromosome,15,chromosome,chromosome,NN,_,17,compound
10084579,36,6p,16,6p,6p,NN,_,17,compound
10084579,37,markers,17,markers,marker,NNS,_,7,conj
10084579,38,",",18,",",",",",",_,7,punct
10084579,39,and,19,and,and,CC,_,7,cc
10084579,40,a,20,a,a,DT,_,23,det
10084579,41,dimorphic,21,dimorphic,dimorphic,JJ,_,23,amod
10084579,42,X-Y,22,X-Y,x-y,NN,_,23,compound
10084579,43,marker,23,marker,marker,NN,_,7,conj
10084579,44,from,24,from,from,IN,_,27,case
10084579,45,neonatal,25,neonatal,neonatal,JJ,_,27,amod
10084579,46,screening,26,screening,screening,NN,_,27,compound
10084579,47,samples,27,samples,sample,NNS,_,23,nmod
10084579,48,.,28,.,.,.,_,2,punct
10084579,49,Blood-impregnated,1,Blood-impregnated,blood-impregnated,JJ,_,3,amod
10084579,50,filter,2,filter,filter,NN,_,3,compound
10084579,51,papers,3,papers,papers,NNS,_,16,nsubjpass
10084579,52,(,4,-LRB-,-lrb-,-LRB-,_,6,punct
10084579,53,Guthrie,5,Guthrie,Guthrie,NNP,_,6,compound
10084579,54,cards,6,cards,card,NNS,_,3,appos
10084579,55,),7,-RRB-,-rrb-,-RRB-,_,6,punct
10084579,56,from,8,from,from,IN,_,14,case
10084579,57,603,9,603,603,CD,_,14,nummod
10084579,58,randomly,10,randomly,randomly,RB,_,11,advmod
10084579,59,chosen,11,chosen,choose,VBN,_,14,amod
10084579,60,New,12,New,New,NNP,_,14,compound
10084579,61,Zealand,13,Zealand,Zealand,NNP,_,14,compound
10084579,62,neonates,14,neonates,neonate,NNS,_,3,nmod
10084579,63,were,15,were,be,VBD,_,16,auxpass
10084579,64,genotyped,16,genotyped,genotype,VBN,_,0,ROOT
10084579,65,blind,17,blind,blind,JJ,_,23,amod
10084579,66,to,18,to,to,TO,_,19,case
10084579,67,17-hydroxyprogesterone,19,17-hydroxyprogesterone,17-hydroxyprogesterone,NN,_,17,nmod
10084579,68,(,20,-LRB-,-lrb-,-LRB-,_,21,punct
10084579,69,17-OHP,21,17-OHP,17-ohp,NN,_,19,appos
10084579,70,),22,-RRB-,-rrb-,-RRB-,_,21,punct
10084579,71,levels,23,levels,level,NNS,_,16,dobj
10084579,72,.,24,.,.,.,_,16,punct
10084579,73,Another,1,Another,another,DT,_,3,det
10084579,74,50,2,50,50,CD,_,3,nummod
10084579,75,samples,3,samples,sample,NNS,_,16,nsubjpass
10084579,76,from,4,from,from,IN,_,9,case
10084579,77,Swiss,5,Swiss,swiss,JJ,_,9,amod
10084579,78,and,6,and,and,CC,_,5,cc
10084579,79,North,7,North,north,JJ,_,5,conj
10084579,80,American,8,American,american,JJ,_,9,amod
10084579,81,infants,9,infants,infant,NNS,_,3,nmod
10084579,82,with,10,with,with,IN,_,13,case
10084579,83,correlative,11,correlative,correlative,JJ,_,13,amod
10084579,84,hormonal,12,hormonal,hormonal,JJ,_,13,amod
10084579,85,data,13,data,datum,NNS,_,9,nmod
10084579,86,were,14,were,be,VBD,_,16,auxpass
10084579,87,also,15,also,also,RB,_,16,advmod
10084579,88,genotyped,16,genotyped,genotype,VBN,_,0,ROOT
10084579,89,.,17,.,.,.,_,16,punct
10084579,90,DNA,1,DNA,dna,NN,_,3,nsubjpass
10084579,91,was,2,was,be,VBD,_,3,auxpass
10084579,92,extracted,3,extracted,extract,VBN,_,0,ROOT
10084579,93,",",4,",",",",",",_,3,punct
10084579,94,and,5,and,and,CC,_,3,cc
10084579,95,gene-specific,6,gene-specific,gene-specific,JJ,_,7,amod
10084579,96,PCR,7,PCR,pcr,NN,_,9,nsubjpass
10084579,97,was,8,was,be,VBD,_,9,auxpass
10084579,98,performed,9,performed,perform,VBN,_,3,conj
10084579,99,.,10,.,.,.,_,3,punct
10084579,100,CYP21,1,CYP21,cyp21,NN,_,3,compound
10084579,101,PCR,2,PCR,pcr,NN,_,3,compound
10084579,102,products,3,products,product,NNS,_,5,nsubjpass
10084579,103,were,4,were,be,VBD,_,5,auxpass
10084579,104,subjected,5,subjected,subject,VBN,_,0,ROOT
10084579,105,to,6,to,to,TO,_,7,mark
10084579,106,ligase,7,ligase,ligase,VB,_,5,xcomp
10084579,107,detection,8,detection,detection,NN,_,9,compound
10084579,108,reaction,9,reaction,reaction,NN,_,7,dobj
10084579,109,",",10,",",",",",",_,5,punct
10084579,110,simultaneously,11,simultaneously,simultaneously,RB,_,12,advmod
10084579,111,analyzing,12,analyzing,analyze,VBG,_,5,xcomp
10084579,112,9,13,9,9,CD,_,15,nummod
10084579,113,CYP21,14,CYP21,cyp21,NN,_,15,compound
10084579,114,mutations,15,mutations,mutation,NNS,_,12,dobj
10084579,115,;,16,;,;,:,_,5,punct
10084579,116,PCR,17,PCR,pcr,NN,_,18,compound
10084579,117,products,18,products,product,NNS,_,23,nsubjpass
10084579,118,of,19,of,of,IN,_,21,case
10084579,119,other,20,other,other,JJ,_,21,amod
10084579,120,genes,21,genes,gene,NNS,_,18,nmod
10084579,121,were,22,were,be,VBD,_,23,auxpass
10084579,122,subjected,23,subjected,subject,VBN,_,5,parataxis
10084579,123,to,24,to,to,TO,_,25,mark
10084579,124,direct,25,direct,direct,VB,_,23,xcomp
10084579,125,gel,26,gel,gel,NN,_,27,compound
10084579,126,analysis,27,analysis,analysis,NN,_,25,dobj
10084579,127,.,28,.,.,.,_,5,punct
10084579,128,CYP21,1,CYP21,cyp21,NN,_,2,compound
10084579,129,genotyping,2,genotyping,genotyping,NN,_,3,nsubj
10084579,130,indicated,3,indicated,indicate,VBD,_,0,ROOT
10084579,131,a,4,a,a,DT,_,6,det
10084579,132,heterozygote,5,heterozygote,heterozygote,NN,_,6,compound
10084579,133,rate,6,rate,rate,NN,_,3,dobj
10084579,134,of,7,of,of,IN,_,9,case
10084579,135,2.8,8,2.8,2.8,CD,_,9,nummod
10084579,136,%,9,%,%,NN,_,6,nmod
10084579,137,for,10,for,for,IN,_,12,case
10084579,138,classic,11,classic,classic,JJ,_,12,amod
10084579,139,mutations,12,mutations,mutation,NNS,_,6,nmod
10084579,140,(,13,-LRB-,-lrb-,-LRB-,_,16,punct
10084579,141,excluding,14,excluding,exclude,VBG,_,16,case
10084579,142,CYP21,15,CYP21,cyp21,NN,_,16,compound
10084579,143,deletions,16,deletions,deletion,NNS,_,12,nmod
10084579,144,),17,-RRB-,-rrb-,-RRB-,_,16,punct
10084579,145,",",18,",",",",",",_,3,punct
10084579,146,and,19,and,and,CC,_,3,cc
10084579,147,2.0,20,2.0,2.0,CD,_,21,nummod
10084579,148,%,21,%,%,NN,_,3,conj
10084579,149,for,22,for,for,IN,_,24,case
10084579,150,nonclassic,23,nonclassic,nonclassic,JJ,_,24,amod
10084579,151,mutations,24,mutations,mutation,NNS,_,21,nmod
10084579,152,in,25,in,in,IN,_,27,case
10084579,153,New,26,New,New,NNP,_,27,compound
10084579,154,Zealanders,27,Zealanders,Zealanders,NNP,_,24,nmod
10084579,155,.,28,.,.,.,_,3,punct
10084579,156,Ten,1,Ten,ten,CD,_,4,nummod
10084579,157,full-term,2,full-term,full-term,JJ,_,4,amod
10084579,158,affected,3,affected,affect,VBN,_,4,amod
10084579,159,neonates,4,neonates,neonate,NNS,_,5,nsubj
10084579,160,showed,5,showed,show,VBD,_,0,ROOT
10084579,161,a,6,a,a,DT,_,8,det
10084579,162,wide,7,wide,wide,JJ,_,8,amod
10084579,163,range,8,range,range,NN,_,5,dobj
10084579,164,of,9,of,of,IN,_,11,case
10084579,165,17-OHP,10,17-OHP,17-ohp,NN,_,11,compound
10084579,166,levels,11,levels,level,NNS,_,8,nmod
10084579,167,(,12,-LRB-,-lrb-,-LRB-,_,14,punct
10084579,168,15-1400,13,15-1400,15-1400,CD,_,14,nummod
10084579,169,nmol/L,14,nmol/L,nmol/l,NN,_,8,appos
10084579,170,),15,-RRB-,-rrb-,-RRB-,_,14,punct
10084579,171,.,16,.,.,.,_,5,punct
10084579,172,Sick,1,Sick,sick,JJ,_,4,amod
10084579,173,or,2,or,or,CC,_,1,cc
10084579,174,preterm,3,preterm,preterm,JJ,_,1,conj
10084579,175,infants,4,infants,infant,NNS,_,17,nsubj
10084579,176,or,5,or,or,CC,_,4,cc
10084579,177,infants,6,infants,infant,NNS,_,4,conj
10084579,178,screened,7,screened,screen,VBN,_,4,acl
10084579,179,on,8,on,on,IN,_,11,case
10084579,180,the,9,the,the,DT,_,11,det
10084579,181,first,10,first,first,JJ,_,11,amod
10084579,182,day,11,day,day,NN,_,7,nmod
10084579,183,of,12,of,of,IN,_,13,case
10084579,184,life,13,life,life,NN,_,11,nmod
10084579,185,with,14,with,with,IN,_,16,case
10084579,186,high,15,high,high,JJ,_,16,amod
10084579,187,17-OHP,16,17-OHP,17-ohp,NN,_,4,nmod
10084579,188,proved,17,proved,prove,VBD,_,0,ROOT
10084579,189,genetically,18,genetically,genetically,RB,_,19,advmod
10084579,190,unaffected,19,unaffected,unaffected,JJ,_,17,xcomp
10084579,191,.,20,.,.,.,_,17,punct
10084579,192,Genetic,1,Genetic,genetic,JJ,_,3,amod
10084579,193,linkage,2,linkage,linkage,NN,_,3,compound
10084579,194,disequilibrium,3,disequilibrium,disequilibrium,NN,_,5,nsubjpass
10084579,195,was,4,was,be,VBD,_,5,auxpass
10084579,196,found,5,found,find,VBN,_,0,ROOT
10084579,197,between,6,between,between,IN,_,9,case
10084579,198,two,7,two,two,CD,_,9,nummod
10084579,199,CYP21,8,CYP21,cyp21,NN,_,9,compound
10084579,200,mutations,9,mutations,mutation,NNS,_,5,nmod
10084579,201,and,10,and,and,CC,_,9,cc
10084579,202,chromosome,11,chromosome,chromosome,NN,_,13,compound
10084579,203,6p,12,6p,6p,NN,_,13,compound
10084579,204,markers,13,markers,marker,NNS,_,9,conj
10084579,205,.,14,.,.,.,_,5,punct
10084579,206,Guthrie,1,Guthrie,Guthrie,NNP,_,2,compound
10084579,207,cards,2,cards,card,NNS,_,5,nsubjpass
10084579,208,can,3,can,can,MD,_,5,aux
10084579,209,be,4,be,be,VB,_,5,auxpass
10084579,210,used,5,used,use,VBN,_,0,ROOT
10084579,211,to,6,to,to,TO,_,9,case
10084579,212,accurately,7,accurately,accurately,RB,_,9,advmod
10084579,213,genotype,8,genotype,genotype,NN,_,9,compound
10084579,214,CYP21,9,CYP21,cyp21,NN,_,5,nmod
10084579,215,and,10,and,and,CC,_,9,cc
10084579,216,other,11,other,other,JJ,_,13,amod
10084579,217,relevant,12,relevant,relevant,JJ,_,13,amod
10084579,218,markers,13,markers,marker,NNS,_,9,conj
10084579,219,",",14,",",",",",",_,5,punct
10084579,220,potentially,15,potentially,potentially,RB,_,16,advmod
10084579,221,enhancing,16,enhancing,enhance,VBG,_,5,xcomp
10084579,222,the,17,the,the,DT,_,18,det
10084579,223,specificity,18,specificity,specificity,NN,_,16,dobj
10084579,224,and,19,and,and,CC,_,18,cc
10084579,225,sensitivity,20,sensitivity,sensitivity,NN,_,18,conj
10084579,226,of,21,of,of,IN,_,25,case
10084579,227,congenital,22,congenital,congenital,JJ,_,25,amod
10084579,228,adrenal,23,adrenal,adrenal,JJ,_,25,amod
10084579,229,hyperplasia,24,hyperplasia,hyperplasia,NN,_,25,compound
10084579,230,screening,25,screening,screening,NN,_,18,nmod
10084579,231,.,26,.,.,.,_,5,punct
10084579,232,CYP21,1,CYP21,cyp21,NN,_,3,compound
10084579,233,heterozygote,2,heterozygote,heterozygote,NN,_,3,compound
10084579,234,frequency,3,frequency,frequency,NN,_,8,nsubj
10084579,235,for,4,for,for,IN,_,6,case
10084579,236,classic,5,classic,classic,JJ,_,6,amod
10084579,237,mutations,6,mutations,mutation,NNS,_,3,nmod
10084579,238,is,7,is,be,VBZ,_,8,cop
10084579,239,higher,8,higher,higher,JJR,_,0,ROOT
10084579,240,than,9,than,than,IN,_,10,mark
10084579,241,expected,10,expected,expect,VBN,_,8,advcl
10084579,242,based,11,based,base,VBN,_,13,case
10084579,243,on,12,on,on,IN,_,13,case
10084579,244,genotype,13,genotype,genotype,NN,_,10,nmod
10084579,245,compared,14,compared,compare,VBN,_,16,case
10084579,246,with,15,with,with,IN,_,16,case
10084579,247,that,16,that,that,DT,_,13,nmod
10084579,248,predicted,17,predicted,predict,VBN,_,16,acl
10084579,249,by,18,by,by,IN,_,21,case
10084579,250,hormonal,19,hormonal,hormonal,JJ,_,21,amod
10084579,251,newborn,20,newborn,newborn,JJ,_,21,amod
10084579,252,screening,21,screening,screening,NN,_,17,nmod
10084579,253,.,22,.,.,.,_,8,punct
