doc,idx,Word_EBM,Sent_pos,Word,Lemma,UPOS,XPOS,HEAD,DEPREL
10690697,0,Hip,1,Hip,hip,NN,_,2,compound
10690697,1,protectors,2,protectors,protector,NNS,_,3,nsubj
10690697,2,improve,3,improve,improve,VBP,_,0,ROOT
10690697,3,falls,4,falls,fall,VBZ,_,3,ccomp
10690697,4,self-efficacy,5,self-efficacy,self-efficacy,NN,_,4,dobj
10690697,5,.,6,.,.,.,_,3,punct
10690697,6,OBJECTIVES,1,OBJECTIVES,objective,NNS,_,0,ROOT
10690697,7,To,2,To,to,TO,_,3,mark
10690697,8,investigate,3,investigate,investigate,VB,_,1,acl
10690697,9,the,4,the,the,DT,_,5,det
10690697,10,effect,5,effect,effect,NN,_,3,dobj
10690697,11,of,6,of,of,IN,_,7,case
10690697,12,use,7,use,use,NN,_,5,nmod
10690697,13,of,8,of,of,IN,_,11,case
10690697,14,external,9,external,external,JJ,_,11,amod
10690697,15,hip,10,hip,hip,NN,_,11,compound
10690697,16,protectors,11,protectors,protector,NNS,_,7,nmod
10690697,17,on,12,on,on,IN,_,15,case
10690697,18,subjects,13,subjects,subject,NNS,_,15,nmod:poss
10690697,19,',14,',',POS,_,13,case
10690697,20,fear,15,fear,fear,NN,_,5,nmod
10690697,21,of,16,of,of,IN,_,17,mark
10690697,22,falling,17,falling,fall,VBG,_,15,acl
10690697,23,and,18,and,and,CC,_,17,cc
10690697,24,falls,19,falls,fall,VBZ,_,17,conj
10690697,25,self-efficacy,20,self-efficacy,self-efficacy,NN,_,22,compound
10690697,26,(,21,-LRB-,-lrb-,-LRB-,_,22,punct
10690697,27,belief,22,belief,belief,NN,_,17,dep
10690697,28,in,23,in,in,IN,_,26,case
10690697,29,their,24,their,they,PRP$,_,26,nmod:poss
10690697,30,own,25,own,own,JJ,_,26,amod
10690697,31,ability,26,ability,ability,NN,_,22,nmod
10690697,32,to,27,to,to,TO,_,28,mark
10690697,33,avoid,28,avoid,avoid,VB,_,26,acl
10690697,34,falling,29,falling,fall,VBG,_,28,xcomp
10690697,35,),30,-RRB-,-rrb-,-RRB-,_,22,punct
10690697,36,.,31,.,.,.,_,1,punct
10690697,37,DESIGN,1,DESIGN,design,NN,_,4,compound
10690697,38,Randomized,2,Randomized,randomize,VBN,_,4,amod
10690697,39,controlled,3,controlled,controlled,JJ,_,4,amod
10690697,40,trial,4,trial,trial,NN,_,0,ROOT
10690697,41,.,5,.,.,.,_,4,punct
10690697,42,SETTING,1,SETTING,set,VBG,_,0,ROOT
10690697,43,Aged-care,2,Aged-care,aged-care,JJ,_,4,amod
10690697,44,health,3,health,health,NN,_,4,compound
10690697,45,services,4,services,service,NNS,_,1,dobj
10690697,46,in,5,in,in,IN,_,6,case
10690697,47,Sydney,6,Sydney,Sydney,NNP,_,1,nmod
10690697,48,",",7,",",",",",",_,6,punct
10690697,49,Australia,8,Australia,Australia,NNP,_,6,appos
10690697,50,.,9,.,.,.,_,1,punct
10690697,51,PARTICIPANTS,1,PARTICIPANTS,participant,NNS,_,3,compound
10690697,52,131,2,131,131,CD,_,3,nummod
10690697,53,women,3,women,woman,NNS,_,0,ROOT
10690697,54,aged,4,aged,aged,JJ,_,3,amod
10690697,55,75,5,75,75,CD,_,6,nummod
10690697,56,years,6,years,year,NNS,_,4,dep
10690697,57,or,7,or,or,CC,_,6,cc
10690697,58,older,8,older,older,JJR,_,6,conj
10690697,59,",",9,",",",",",",_,6,punct
10690697,60,who,10,who,who,WP,_,11,nsubj
10690697,61,had,11,had,have,VBD,_,6,acl:relcl
10690697,62,two,12,two,two,CD,_,15,nsubj
10690697,63,or,13,or,or,CC,_,12,cc
10690697,64,more,14,more,more,JJR,_,12,conj
10690697,65,falls,15,falls,fall,VBZ,_,11,ccomp
10690697,66,or,16,or,or,CC,_,15,cc
10690697,67,one,17,one,one,CD,_,18,nummod
10690697,68,fall,18,fall,fall,NN,_,15,conj
10690697,69,requiring,19,requiring,require,VBG,_,15,xcomp
10690697,70,hospital,20,hospital,hospital,NN,_,21,compound
10690697,71,admission,21,admission,admission,NN,_,19,dobj
10690697,72,in,22,in,in,IN,_,25,case
10690697,73,the,23,the,the,DT,_,25,det
10690697,74,previous,24,previous,previous,JJ,_,25,amod
10690697,75,year,25,year,year,NN,_,21,nmod
10690697,76,and,26,and,and,CC,_,21,cc
10690697,77,who,27,who,who,WP,_,28,nsubj
10690697,78,live,28,live,live,VBP,_,21,conj
10690697,79,at,29,at,at,IN,_,30,case
10690697,80,home,30,home,home,NN,_,28,nmod
10690697,81,.,31,.,.,.,_,3,punct
10690697,82,Sixty-one,1,Sixty-one,sixty-one,CD,_,2,nummod
10690697,83,subjects,2,subjects,subject,NNS,_,7,nsubj
10690697,84,were,3,were,be,VBD,_,7,cop
10690697,85,in,4,in,in,IN,_,7,case
10690697,86,the,5,the,the,DT,_,7,det
10690697,87,intervention,6,intervention,intervention,NN,_,7,compound
10690697,88,group,7,group,group,NN,_,0,ROOT
10690697,89,and,8,and,and,CC,_,7,cc
10690697,90,70,9,70,70,CD,_,7,conj
10690697,91,in,10,in,in,IN,_,13,case
10690697,92,the,11,the,the,DT,_,13,det
10690697,93,control,12,control,control,NN,_,13,compound
10690697,94,group,13,group,group,NN,_,7,nmod
10690697,95,.,14,.,.,.,_,7,punct
10690697,96,INTERVENTION,1,INTERVENTION,intervention,NN,_,2,compound
10690697,97,Use,2,Use,use,NN,_,0,ROOT
10690697,98,of,3,of,of,IN,_,6,case
10690697,99,external,4,external,external,JJ,_,6,amod
10690697,100,hip,5,hip,hip,NN,_,6,compound
10690697,101,protectors,6,protectors,protector,NNS,_,2,nmod
10690697,102,and,7,and,and,CC,_,6,cc
10690697,103,encouragement,8,encouragement,encouragement,NN,_,6,conj
10690697,104,to,9,to,to,TO,_,10,mark
10690697,105,use,10,use,use,VB,_,2,acl
10690697,106,the,11,the,the,DT,_,12,det
10690697,107,protectors,12,protectors,protector,NNS,_,10,dobj
10690697,108,by,13,by,by,IN,_,16,case
10690697,109,an,14,an,a,DT,_,16,det
10690697,110,adherence,15,adherence,adherence,NN,_,16,compound
10690697,111,nurse,16,nurse,nurse,NN,_,10,nmod
10690697,112,.,17,.,.,.,_,2,punct
10690697,113,MEASUREMENTS,1,MEASUREMENTS,measurement,NNS,_,25,nsubj
10690697,114,At,2,At,at,IN,_,4,case
10690697,115,the,3,the,the,DT,_,4,det
10690697,116,time,4,time,time,NN,_,1,nmod
10690697,117,of,5,of,of,IN,_,6,case
10690697,118,enrolment,6,enrolment,enrolment,NN,_,4,nmod
10690697,119,into,7,into,into,IN,_,10,case
10690697,120,a,8,a,a,DT,_,10,det
10690697,121,wider,9,wider,wider,JJR,_,10,amod
10690697,122,study,10,study,study,NN,_,1,nmod
10690697,123,examining,11,examining,examine,VBG,_,10,acl
10690697,124,the,12,the,the,DT,_,13,det
10690697,125,effect,13,effect,effect,NN,_,11,dobj
10690697,126,of,14,of,of,IN,_,16,case
10690697,127,hip,15,hip,hip,NN,_,16,compound
10690697,128,protectors,16,protectors,protector,NNS,_,13,nmod
10690697,129,on,17,on,on,IN,_,19,case
10690697,130,hip,18,hip,hip,NN,_,19,compound
10690697,131,fractures,19,fractures,fracture,NNS,_,13,nmod
10690697,132,",",20,",",",",",",_,19,punct
10690697,133,participants,21,participants,participant,NNS,_,19,appos
10690697,134,recruited,22,recruited,recruit,VBN,_,21,acl
10690697,135,at,23,at,at,IN,_,24,case
10690697,136,home,24,home,home,NN,_,22,nmod
10690697,137,completed,25,completed,complete,VBD,_,0,ROOT
10690697,138,an,26,an,a,DT,_,27,det
10690697,139,assessment,27,assessment,assessment,NN,_,25,dobj
10690697,140,of,28,of,of,IN,_,29,case
10690697,141,fear,29,fear,fear,NN,_,27,nmod
10690697,142,of,30,of,of,IN,_,31,mark
10690697,143,falling,31,falling,fall,VBG,_,29,acl
10690697,144,and,32,and,and,CC,_,31,cc
10690697,145,falls,33,falls,fall,VBZ,_,31,conj
10690697,146,efficacy,34,efficacy,efficacy,NN,_,31,dobj
10690697,147,as,35,as,as,IN,_,36,mark
10690697,148,measured,36,measured,measure,VBN,_,31,advcl
10690697,149,by,37,by,by,IN,_,41,case
10690697,150,the,38,the,the,DT,_,41,det
10690697,151,Falls,39,Falls,Falls,NNP,_,41,compound
10690697,152,Efficacy,40,Efficacy,Efficacy,NNP,_,41,compound
10690697,153,Scale,41,Scale,Scale,NNP,_,36,nmod
10690697,154,and,42,and,and,CC,_,41,cc
10690697,155,the,43,the,the,DT,_,47,det
10690697,156,Modified,44,Modified,Modified,NNP,_,47,compound
10690697,157,Falls,45,Falls,Falls,NNP,_,47,compound
10690697,158,Efficacy,46,Efficacy,Efficacy,NNP,_,47,compound
10690697,159,Scale,47,Scale,Scale,NNP,_,41,conj
10690697,160,.,48,.,.,.,_,25,punct
10690697,161,At,1,At,at,IN,_,3,case
10690697,162,4-month,2,4-month,4-month,JJ,_,3,amod
10690697,163,follow-up,3,follow-up,follow-up,NN,_,8,nmod
10690697,164,",",4,",",",",",",_,8,punct
10690697,165,these,5,these,these,DT,_,6,det
10690697,166,scales,6,scales,scale,NNS,_,8,nsubjpass
10690697,167,were,7,were,be,VBD,_,8,auxpass
10690697,168,readministered,8,readministered,readminister,VBN,_,0,ROOT
10690697,169,by,9,by,by,IN,_,11,case
10690697,170,an,10,an,a,DT,_,11,det
10690697,171,observer,11,observer,observer,NN,_,8,nmod
10690697,172,who,12,who,who,WP,_,15,nsubj
10690697,173,was,13,was,be,VBD,_,15,cop
10690697,174,not,14,not,not,RB,_,15,neg
10690697,175,aware,15,aware,aware,JJ,_,11,acl:relcl
10690697,176,of,16,of,of,IN,_,18,case
10690697,177,the,17,the,the,DT,_,18,det
10690697,178,allocation,18,allocation,allocation,NN,_,15,nmod
10690697,179,of,19,of,of,IN,_,21,case
10690697,180,the,20,the,the,DT,_,21,det
10690697,181,participant,21,participant,participant,NN,_,18,nmod
10690697,182,to,22,to,to,TO,_,23,case
10690697,183,intervention,23,intervention,intervention,NN,_,18,nmod
10690697,184,or,24,or,or,CC,_,23,cc
10690697,185,control,25,control,control,NN,_,26,compound
10690697,186,groups,26,groups,group,NNS,_,23,conj
10690697,187,.,27,.,.,.,_,8,punct
10690697,188,RESULTS,1,RESULTS,result,NNS,_,2,compound
10690697,189,Fear,2,Fear,fear,NN,_,22,nsubj
10690697,190,of,3,of,of,IN,_,4,mark
10690697,191,falling,4,falling,fall,VBG,_,2,acl
10690697,192,and,5,and,and,CC,_,4,cc
10690697,193,falls,6,falls,fall,VBZ,_,4,conj
10690697,194,self-efficacy,7,self-efficacy,self-efficacy,NN,_,4,dobj
10690697,195,",",8,",",",",",",_,2,punct
10690697,196,as,9,as,as,IN,_,10,mark
10690697,197,measured,10,measured,measure,VBN,_,2,dep
10690697,198,by,11,by,by,IN,_,14,case
10690697,199,the,12,the,the,DT,_,14,det
10690697,200,Falls,13,Falls,Falls,NNP,_,14,compound
10690697,201,Efficacy,14,Efficacy,Efficacy,NNP,_,10,nmod
10690697,202,and,15,and,and,CC,_,14,cc
10690697,203,Modified,16,Modified,Modified,NNP,_,19,compound
10690697,204,Falls,17,Falls,Falls,NNP,_,19,compound
10690697,205,Efficacy,18,Efficacy,Efficacy,NNP,_,19,compound
10690697,206,Scales,19,Scales,Scales,NNP,_,14,conj
10690697,207,",",20,",",",",",",_,2,punct
10690697,208,were,21,were,be,VBD,_,22,cop
10690697,209,similar,22,similar,similar,JJ,_,0,ROOT
10690697,210,at,23,at,at,IN,_,24,case
10690697,211,baseline,24,baseline,baseline,NN,_,22,nmod
10690697,212,in,25,in,in,IN,_,27,case
10690697,213,both,26,both,both,DT,_,27,det
10690697,214,groups,27,groups,group,NNS,_,24,nmod
10690697,215,.,28,.,.,.,_,22,punct
10690697,216,Fear,1,Fear,fear,NN,_,5,nsubj
10690697,217,of,2,of,of,IN,_,3,case
10690697,218,falling,3,falling,fall,VBG,_,1,nmod
10690697,219,was,4,was,be,VBD,_,5,cop
10690697,220,present,5,present,present,JJ,_,0,ROOT
10690697,221,at,6,at,at,IN,_,7,case
10690697,222,follow-up,7,follow-up,follow-up,NN,_,5,nmod
10690697,223,in,8,in,in,IN,_,10,case
10690697,224,43,9,43,43,CD,_,10,nummod
10690697,225,%,10,%,%,NN,_,5,nmod
10690697,226,of,11,of,of,IN,_,12,case
10690697,227,subjects,12,subjects,subject,NNS,_,10,nmod
10690697,228,using,13,using,use,VBG,_,12,acl
10690697,229,hip,14,hip,hip,NN,_,15,compound
10690697,230,protectors,15,protectors,protector,NNS,_,13,dobj
10690697,231,and,16,and,and,CC,_,15,cc
10690697,232,57,17,57,57,CD,_,18,nummod
10690697,233,%,18,%,%,NN,_,15,conj
10690697,234,of,19,of,of,IN,_,22,case
10690697,235,the,20,the,the,DT,_,22,det
10690697,236,control,21,control,control,NN,_,22,compound
10690697,237,group,22,group,group,NN,_,18,nmod
10690697,238,(,23,-LRB-,-lrb-,-LRB-,_,24,punct
10690697,239,chi2,24,chi2,chi2,NN,_,15,dep
10690697,240,=,25,=,=,JJ,_,24,amod
10690697,241,2.58,26,2.58,2.58,CD,_,25,dep
10690697,242,",",27,",",",",",",_,24,punct
10690697,243,P,28,P,p,NN,_,29,nsubj
10690697,244,=,29,=,=,JJ,_,24,dep
10690697,245,0.11,30,0.11,0.11,CD,_,29,dobj
10690697,246,),31,-RRB-,-rrb-,-RRB-,_,24,punct
10690697,247,.,32,.,.,.,_,5,punct
10690697,248,Hip,1,Hip,hip,NN,_,3,compound
10690697,249,protector,2,protector,protector,NN,_,3,compound
10690697,250,users,3,users,user,NNS,_,4,nsubj
10690697,251,had,4,had,have,VBD,_,0,ROOT
10690697,252,greater,5,greater,greater,JJR,_,6,amod
10690697,253,improvement,6,improvement,improvement,NN,_,4,dobj
10690697,254,in,7,in,in,IN,_,8,mark
10690697,255,falls,8,falls,fall,VBZ,_,4,advcl
10690697,256,self-efficacy,9,self-efficacy,self-efficacy,NN,_,8,dobj
10690697,257,at,10,at,at,IN,_,11,case
10690697,258,follow-up,11,follow-up,follow-up,NN,_,8,nmod
10690697,259,as,12,as,as,IN,_,13,mark
10690697,260,measured,13,measured,measure,VBN,_,8,advcl
10690697,261,by,14,by,by,IN,_,18,case
10690697,262,the,15,the,the,DT,_,18,det
10690697,263,Falls,16,Falls,Falls,NNP,_,18,compound
10690697,264,Efficacy,17,Efficacy,Efficacy,NNP,_,18,compound
10690697,265,Scale,18,Scale,Scale,NNP,_,13,nmod
10690697,266,(,19,-LRB-,-lrb-,-LRB-,_,20,punct
10690697,267,t,20,t,t,NN,_,18,dep
10690697,268,=,21,=,=,JJ,_,20,amod
10690697,269,2.44,22,2.44,2.44,CD,_,21,dep
10690697,270,",",23,",",",",",",_,20,punct
10690697,271,P,24,P,p,NN,_,25,nsubj
10690697,272,=,25,=,=,JJ,_,20,dep
10690697,273,0.016,26,0.016,0.016,CD,_,25,dobj
10690697,274,),27,-RRB-,-rrb-,-RRB-,_,20,punct
10690697,275,and,28,and,and,CC,_,18,cc
10690697,276,the,29,the,the,DT,_,33,det
10690697,277,Modified,30,Modified,Modified,NNP,_,33,compound
10690697,278,Falls,31,Falls,Falls,NNP,_,33,compound
10690697,279,Efficacy,32,Efficacy,Efficacy,NNP,_,33,compound
10690697,280,Scale,33,Scale,Scale,NNP,_,18,conj
10690697,281,(,34,-LRB-,-lrb-,-LRB-,_,35,punct
10690697,282,t,35,t,t,NN,_,33,dep
10690697,283,=,36,=,=,JJ,_,35,amod
10690697,284,2.08,37,2.08,2.08,CD,_,36,dep
10690697,285,",",38,",",",",",",_,35,punct
10690697,286,P,39,P,p,NN,_,40,nsubj
10690697,287,=,40,=,=,JJ,_,35,dep
10690697,288,0.039,41,0.039,0.039,CD,_,40,dobj
10690697,289,),42,-RRB-,-rrb-,-RRB-,_,35,punct
10690697,290,.,43,.,.,.,_,4,punct
10690697,291,CONCLUSION,1,CONCLUSION,conclusion,NN,_,3,compound
10690697,292,Hip,2,Hip,hip,NN,_,3,compound
10690697,293,protectors,3,protectors,protector,NNS,_,4,nsubj
10690697,294,improve,4,improve,improve,VBP,_,0,ROOT
10690697,295,falls,5,falls,fall,VBZ,_,4,ccomp
10690697,296,self-efficacy,6,self-efficacy,self-efficacy,NN,_,5,dobj
10690697,297,.,7,.,.,.,_,4,punct
10690697,298,As,1,As,as,IN,_,2,case
10690697,299,users,2,users,user,NNS,_,6,nmod
10690697,300,of,3,of,of,IN,_,5,case
10690697,301,hip,4,hip,hip,NN,_,5,compound
10690697,302,protectors,5,protectors,protector,NNS,_,2,nmod
10690697,303,feel,6,feel,feel,VBP,_,18,advcl
10690697,304,more,7,more,more,RBR,_,8,advmod
10690697,305,confident,8,confident,confident,JJ,_,6,xcomp
10690697,306,that,9,that,that,IN,_,12,mark
10690697,307,they,10,they,they,PRP,_,12,nsubj
10690697,308,can,11,can,can,MD,_,12,aux
10690697,309,complete,12,complete,complete,VB,_,8,ccomp
10690697,310,tasks,13,tasks,task,NNS,_,12,dobj
10690697,311,safely,14,safely,safely,RB,_,12,advmod
10690697,312,",",15,",",",",",",_,18,punct
10690697,313,they,16,they,they,PRP,_,18,nsubj
10690697,314,may,17,may,may,MD,_,18,aux
10690697,315,become,18,become,become,VB,_,0,ROOT
10690697,316,more,19,more,more,RBR,_,20,advmod
10690697,317,physically,20,physically,physically,RB,_,21,advmod
10690697,318,active,21,active,active,JJ,_,18,xcomp
10690697,319,and,22,and,and,CC,_,18,cc
10690697,320,require,23,require,require,VBP,_,18,conj
10690697,321,less,24,less,less,JJR,_,25,amod
10690697,322,assistance,25,assistance,assistance,NN,_,23,dobj
10690697,323,with,26,with,with,IN,_,27,case
10690697,324,activities,27,activities,activity,NNS,_,25,nmod
10690697,325,of,28,of,of,IN,_,30,case
10690697,326,daily,29,daily,daily,JJ,_,30,amod
10690697,327,living,30,living,living,NN,_,27,nmod
10690697,328,.,31,.,.,.,_,18,punct
