doc,idx,Word_EBM,Sent_pos,Word,Lemma,UPOS,XPOS,HEAD,DEPREL
10860330,0,A,1,A,a,DT,_,4,det
10860330,1,laser-powered,2,laser-powered,laser-powered,JJ,_,4,amod
10860330,2,hydrokinetic,3,hydrokinetic,hydrokinetic,JJ,_,4,amod
10860330,3,system,4,system,system,NN,_,0,ROOT
10860330,4,for,5,for,for,IN,_,7,case
10860330,5,caries,6,caries,caries,NNS,_,7,compound
10860330,6,removal,7,removal,removal,NN,_,4,nmod
10860330,7,and,8,and,and,CC,_,7,cc
10860330,8,cavity,9,cavity,cavity,NN,_,10,compound
10860330,9,preparation,10,preparation,preparation,NN,_,7,conj
10860330,10,.,11,.,.,.,_,4,punct
10860330,11,BACKGROUND,1,BACKGROUND,background,NN,_,3,compound
10860330,12,Laser,2,Laser,Laser,NNP,_,3,compound
10860330,13,systems,3,systems,system,NNS,_,6,nsubjpass
10860330,14,have,4,have,have,VBP,_,6,aux
10860330,15,been,5,been,be,VBN,_,6,auxpass
10860330,16,developed,6,developed,develop,VBN,_,0,ROOT
10860330,17,for,7,for,for,IN,_,9,case
10860330,18,the,8,the,the,DT,_,9,det
10860330,19,cutting,9,cutting,cutting,NN,_,6,nmod
10860330,20,of,10,of,of,IN,_,13,case
10860330,21,dental,11,dental,dental,JJ,_,13,amod
10860330,22,hard,12,hard,hard,JJ,_,13,amod
10860330,23,tissues,13,tissues,tissue,NNS,_,9,nmod
10860330,24,.,14,.,.,.,_,6,punct
10860330,25,The,1,The,the,DT,_,2,det
10860330,26,erbium,2,erbium,erbium,NN,_,0,ROOT
10860330,27,",",3,",",",",",",_,2,punct
10860330,28,chromium,4,chromium,chromium,NN,_,2,appos
10860330,29,:,5,:,:,:,_,2,punct
10860330,30,yttrium-scandium-gallium-garnet,6,yttrium-scandium-gallium-garnet,yttrium-scandium-gallium-garnet,NN,_,2,dep
10860330,31,",",7,",",",",",",_,6,punct
10860330,32,or,8,or,or,CC,_,6,cc
10860330,33,Er,9,Er,Er,NNP,_,6,conj
10860330,34,",",10,",",",",",",_,6,punct
10860330,35,Cr,11,Cr,Cr,NNP,_,6,appos
10860330,36,:,12,:,:,:,_,6,punct
10860330,37,YSGG,13,YSGG,ysgg,NN,_,26,dep
10860330,38,",",14,",",",",",",_,26,punct
10860330,39,laser,15,laser,laser,NN,_,16,compound
10860330,40,system,16,system,system,NN,_,26,nsubjpass
10860330,41,used,17,used,use,VBN,_,16,acl
10860330,42,in,18,in,in,IN,_,19,case
10860330,43,conjunction,19,conjunction,conjunction,NN,_,17,nmod
10860330,44,with,20,with,with,IN,_,23,case
10860330,45,an,21,an,a,DT,_,23,det
10860330,46,air-water,22,air-water,air-water,JJ,_,23,amod
10860330,47,spray,23,spray,spray,NN,_,19,nmod
10860330,48,has,24,has,have,VBZ,_,26,aux
10860330,49,been,25,been,be,VBN,_,26,auxpass
10860330,50,shown,26,shown,show,VBN,_,6,dep
10860330,51,to,27,to,to,TO,_,29,mark
10860330,52,be,28,be,be,VB,_,29,cop
10860330,53,efficacious,29,efficacious,efficacious,JJ,_,26,xcomp
10860330,54,in,30,in,in,FW,_,31,compound
10860330,55,vitro,31,vitro,vitro,FW,_,29,advmod
10860330,56,for,32,for,for,IN,_,34,case
10860330,57,cavity,33,cavity,cavity,NN,_,34,compound
10860330,58,preparation,34,preparation,preparation,NN,_,29,nmod
10860330,59,.,35,.,.,.,_,2,punct
10860330,60,METHODS,1,METHODS,method,NNS,_,0,ROOT
10860330,61,The,2,The,the,DT,_,3,det
10860330,62,authors,3,authors,author,NNS,_,1,dobj
10860330,63,randomly,4,randomly,randomly,RB,_,5,advmod
10860330,64,selected,5,selected,select,VBN,_,6,amod
10860330,65,subjects,6,subjects,subject,NNS,_,3,dep
10860330,66,for,7,for,for,IN,_,9,case
10860330,67,cavity,8,cavity,cavity,NN,_,9,compound
10860330,68,preparation,9,preparation,preparation,NN,_,6,nmod
10860330,69,with,10,with,with,IN,_,13,case
10860330,70,conventional,11,conventional,conventional,JJ,_,13,amod
10860330,71,air,12,air,air,NN,_,13,compound
10860330,72,turbine/bur,13,turbine/bur,turbine/bur,NN,_,9,nmod
10860330,73,dental,14,dental,dental,JJ,_,15,amod
10860330,74,surgery,15,surgery,surgery,NN,_,13,dep
10860330,75,or,16,or,or,CC,_,15,cc
10860330,76,an,17,an,a,DT,_,18,det
10860330,77,Er,18,Er,er,NN,_,15,conj
10860330,78,",",19,",",",",",",_,13,punct
10860330,79,Cr,20,Cr,cr,NN,_,13,appos
10860330,80,:,21,:,:,:,_,3,punct
10860330,81,YSGG,22,YSGG,ysgg,NN,_,24,compound
10860330,82,laser-powered,23,laser-powered,laser-powered,JJ,_,24,amod
10860330,83,system,24,system,system,NN,_,3,dep
10860330,84,using,25,using,use,VBG,_,24,acl
10860330,85,a,26,a,a,DT,_,28,det
10860330,86,split-mouth,27,split-mouth,split-mouth,JJ,_,28,amod
10860330,87,design,28,design,design,NN,_,25,dobj
10860330,88,.,29,.,.,.,_,1,punct
10860330,89,They,1,They,they,PRP,_,2,nsubj
10860330,90,prepared,2,prepared,prepare,VBD,_,0,ROOT
10860330,91,Class,3,Class,Class,NNP,_,4,compound
10860330,92,I,4,I,I,NNP,_,11,nsubj
10860330,93,",",5,",",",",",",_,4,punct
10860330,94,III,6,III,III,NNP,_,4,conj
10860330,95,and,7,and,and,CC,_,4,cc
10860330,96,V,8,V,V,NNP,_,9,compound
10860330,97,cavities,9,cavities,cavity,NNS,_,4,conj
10860330,98,",",10,",",",",",",_,4,punct
10860330,99,placed,11,placed,place,VBN,_,2,ccomp
10860330,100,resin,12,resin,resin,NN,_,13,compound
10860330,101,restorations,13,restorations,restoration,NNS,_,11,dobj
10860330,102,and,14,and,and,CC,_,11,cc
10860330,103,evaluated,15,evaluated,evaluate,VBN,_,16,amod
10860330,104,subjects,16,subjects,subject,NNS,_,11,conj
10860330,105,on,17,on,on,IN,_,19,case
10860330,106,the,18,the,the,DT,_,19,det
10860330,107,day,19,day,day,NN,_,16,nmod
10860330,108,of,20,of,of,IN,_,22,case
10860330,109,the,21,the,the,DT,_,22,det
10860330,110,procedure,22,procedure,procedure,NN,_,19,nmod
10860330,111,and,23,and,and,CC,_,16,cc
10860330,112,30,24,30,30,CD,_,25,nummod
10860330,113,days,25,days,day,NNS,_,29,nmod:npmod
10860330,114,and,26,and,and,CC,_,25,cc
10860330,115,six,27,six,six,CD,_,28,nummod
10860330,116,months,28,months,month,NNS,_,25,conj
10860330,117,postoperatively,29,postoperatively,postoperatively,RB,_,16,dep
10860330,118,for,30,for,for,IN,_,32,case
10860330,119,pulp,31,pulp,pulp,NN,_,32,compound
10860330,120,vitality,32,vitality,vitality,NN,_,29,nmod
10860330,121,",",33,",",",",",",_,29,punct
10860330,122,recurrent,34,recurrent,recurrent,JJ,_,35,amod
10860330,123,caries,35,caries,caries,NNS,_,33,root
10860330,124,",",36,",",",",",",_,35,punct
10860330,125,pain,37,pain,pain,NN,_,35,conj
10860330,126,and,38,and,and,CC,_,35,cc
10860330,127,discomfort,39,discomfort,discomfort,NN,_,35,conj
10860330,128,",",40,",",",",",",_,35,punct
10860330,129,and,41,and,and,CC,_,35,cc
10860330,130,restoration,42,restoration,restoration,NN,_,43,compound
10860330,131,retention,43,retention,retention,NN,_,35,conj
10860330,132,.,44,.,.,.,_,35,punct
10860330,133,Sixty-seven,1,Sixty-seven,sixty-seven,CD,_,2,nummod
10860330,134,subjects,2,subjects,subject,NNS,_,3,nsubj
10860330,135,completed,3,completed,complete,VBD,_,0,ROOT
10860330,136,the,4,the,the,DT,_,5,det
10860330,137,study,5,study,study,NN,_,3,dobj
10860330,138,.,6,.,.,.,_,3,punct
10860330,139,RESULTS,1,RESULTS,result,NNS,_,0,ROOT
10860330,140,There,2,There,there,EX,_,3,expl
10860330,141,were,3,were,be,VBD,_,1,acl:relcl
10860330,142,no,4,no,no,DT,_,6,neg
10860330,143,statistical,5,statistical,statistical,JJ,_,6,amod
10860330,144,differences,6,differences,difference,NNS,_,3,nsubj
10860330,145,between,7,between,between,IN,_,11,case
10860330,146,the,8,the,the,DT,_,11,det
10860330,147,two,9,two,two,CD,_,11,nummod
10860330,148,treatment,10,treatment,treatment,NN,_,11,compound
10860330,149,groups,11,groups,group,NNS,_,6,nmod
10860330,150,for,12,for,for,IN,_,14,case
10860330,151,the,13,the,the,DT,_,14,det
10860330,152,parameters,14,parameters,parameter,NNS,_,11,nmod
10860330,153,measured,15,measured,measure,VBN,_,14,acl
10860330,154,with,16,with,with,IN,_,18,case
10860330,155,one,17,one,one,CD,_,18,nummod
10860330,156,exception,18,exception,exception,NN,_,15,nmod
10860330,157,;,19,;,;,:,_,1,punct
10860330,158,there,20,there,there,EX,_,21,expl
10860330,159,was,21,was,be,VBD,_,1,dep
10860330,160,a,22,a,a,DT,_,25,det
10860330,161,statistically,23,statistically,statistically,RB,_,24,advmod
10860330,162,significant,24,significant,significant,JJ,_,25,amod
10860330,163,decrease,25,decrease,decrease,NN,_,21,nsubj
10860330,164,in,26,in,in,IN,_,28,case
10860330,165,discomfort,27,discomfort,discomfort,NN,_,28,compound
10860330,166,levels,28,levels,level,NNS,_,25,nmod
10860330,167,for,29,for,for,IN,_,32,case
10860330,168,the,30,the,the,DT,_,32,det
10860330,169,laser,31,laser,laser,NN,_,32,compound
10860330,170,system,32,system,system,NN,_,25,nmod
10860330,171,at,33,at,at,IN,_,35,case
10860330,172,the,34,the,the,DT,_,35,det
10860330,173,time,35,time,time,NN,_,25,nmod
10860330,174,of,36,of,of,IN,_,38,case
10860330,175,cavity,37,cavity,cavity,NN,_,38,compound
10860330,176,preparation,38,preparation,preparation,NN,_,35,nmod
10860330,177,for,39,for,for,IN,_,40,case
10860330,178,subjects,40,subjects,subject,NNS,_,38,nmod
10860330,179,who,41,who,who,WP,_,42,nsubj
10860330,180,declined,42,declined,decline,VBD,_,40,acl:relcl
10860330,181,to,43,to,to,TO,_,44,mark
10860330,182,receive,44,receive,receive,VB,_,42,xcomp
10860330,183,local,45,local,local,JJ,_,46,amod
10860330,184,anesthetic,46,anesthetic,anesthetic,NN,_,44,dobj
10860330,185,.,47,.,.,.,_,1,punct
10860330,186,CONCLUSIONS,1,CONCLUSIONS,conclusion,NNS,_,0,ROOT
10860330,187,The,2,The,the,DT,_,3,det
10860330,188,Er,3,Er,er,NN,_,1,dep
10860330,189,",",4,",",",",",",_,3,punct
10860330,190,Cr,5,Cr,cr,NN,_,3,appos
10860330,191,:,6,:,:,:,_,3,punct
10860330,192,YSGG,7,YSGG,ysgg,NN,_,9,compound
10860330,193,laser,8,laser,laser,NN,_,9,compound
10860330,194,system,9,system,system,NN,_,11,nsubj
10860330,195,is,10,is,be,VBZ,_,11,cop
10860330,196,effective,11,effective,effective,JJ,_,3,dep
10860330,197,for,12,for,for,IN,_,13,case
10860330,198,preparation,13,preparation,preparation,NN,_,11,nmod
10860330,199,of,14,of,of,IN,_,15,case
10860330,200,Class,15,Class,class,NN,_,13,nmod
10860330,201,I,16,I,i,CD,_,15,nummod
10860330,202,",",17,",",",",",",_,15,punct
10860330,203,III,18,III,iii,CD,_,15,conj
10860330,204,and,19,and,and,CC,_,15,cc
10860330,205,V,20,V,V,NNP,_,21,compound
10860330,206,cavities,21,cavities,cavity,NNS,_,15,conj
10860330,207,and,22,and,and,CC,_,21,cc
10860330,208,resin,23,resin,resin,NN,_,24,compound
10860330,209,restorations,24,restorations,restoration,NNS,_,21,conj
10860330,210,are,25,are,be,VBP,_,26,auxpass
10860330,211,retained,26,retained,retain,VBN,_,11,dep
10860330,212,by,27,by,by,IN,_,30,case
10860330,213,lased,28,lased,lased,JJ,_,30,amod
10860330,214,tooth,29,tooth,tooth,NN,_,30,compound
10860330,215,surfaces,30,surfaces,surface,NNS,_,26,nmod
10860330,216,.,31,.,.,.,_,1,punct
10860330,217,CLINICAL,1,CLINICAL,clinical,JJ,_,2,amod
10860330,218,IMPLICATIONS,2,IMPLICATIONS,implication,NNS,_,0,ROOT
10860330,219,Hard-tissue,3,Hard-tissue,hard-tissue,JJ,_,5,amod
10860330,220,cutting,4,cutting,cut,VBG,_,5,compound
10860330,221,lasers,5,lasers,laser,NNS,_,8,nsubjpass
10860330,222,are,6,are,be,VBP,_,8,aux
10860330,223,being,7,being,be,VBG,_,8,auxpass
10860330,224,introduced,8,introduced,introduce,VBN,_,2,acl:relcl
10860330,225,for,9,for,for,IN,_,10,case
10860330,226,use,10,use,use,NN,_,8,nmod
10860330,227,in,11,in,in,IN,_,13,case
10860330,228,operative,12,operative,operative,JJ,_,13,amod
10860330,229,dentistry,13,dentistry,dentistry,NN,_,10,nmod
10860330,230,.,14,.,.,.,_,2,punct
10860330,231,In,1,In,in,IN,_,3,case
10860330,232,this,2,this,this,DT,_,3,det
10860330,233,study,3,study,study,NN,_,14,nmod
10860330,234,",",4,",",",",",",_,14,punct
10860330,235,an,5,an,a,DT,_,11,det
10860330,236,Er,6,Er,Er,NNP,_,11,dep
10860330,237,",",7,",",",",",",_,6,punct
10860330,238,Cr,8,Cr,Cr,NNP,_,6,dep
10860330,239,:,9,:,:,:,_,6,punct
10860330,240,YSGG,10,YSGG,ysgg,NN,_,11,compound
10860330,241,laser,11,laser,laser,NN,_,14,nsubjpass
10860330,242,has,12,has,have,VBZ,_,14,aux
10860330,243,been,13,been,be,VBN,_,14,auxpass
10860330,244,shown,14,shown,show,VBN,_,0,ROOT
10860330,245,to,15,to,to,TO,_,17,mark
10860330,246,be,16,be,be,VB,_,17,cop
10860330,247,effective,17,effective,effective,JJ,_,14,xcomp
10860330,248,for,18,for,for,IN,_,20,case
10860330,249,cavity,19,cavity,cavity,NN,_,20,compound
10860330,250,preparation,20,preparation,preparation,NN,_,17,nmod
10860330,251,and,21,and,and,CC,_,20,cc
10860330,252,restoration,22,restoration,restoration,NN,_,23,compound
10860330,253,replacement,23,replacement,replacement,NN,_,20,conj
10860330,254,.,24,.,.,.,_,14,punct
