doc,idx,Word_EBM,Sent_pos,Word,Lemma,UPOS,XPOS,HEAD,DEPREL
10870534,0,Clinical,1,Clinical,clinical,JJ,_,2,amod
10870534,1,pathway,2,pathway,pathway,NN,_,0,ROOT
10870534,2,for,3,for,for,IN,_,5,case
10870534,3,fractured,4,fractured,fractured,JJ,_,5,amod
10870534,4,neck,5,neck,neck,NN,_,2,nmod
10870534,5,of,6,of,of,IN,_,7,case
10870534,6,femur,7,femur,femur,NN,_,5,nmod
10870534,7,:,8,:,:,:,_,2,punct
10870534,8,a,9,a,a,DT,_,13,det
10870534,9,prospective,10,prospective,prospective,JJ,_,13,amod
10870534,10,",",11,",",",",",",_,13,punct
10870534,11,controlled,12,controlled,controlled,JJ,_,13,amod
10870534,12,study,13,study,study,NN,_,2,dep
10870534,13,.,14,.,.,.,_,2,punct
10870534,14,OBJECTIVE,1,OBJECTIVE,objective,NN,_,0,ROOT
10870534,15,To,2,To,to,TO,_,3,mark
10870534,16,assess,3,assess,assess,VB,_,1,acl
10870534,17,outcomes,4,outcomes,outcome,NNS,_,3,dobj
10870534,18,of,5,of,of,IN,_,6,mark
10870534,19,using,6,using,use,VBG,_,4,acl
10870534,20,a,7,a,a,DT,_,9,det
10870534,21,clinical,8,clinical,clinical,JJ,_,9,amod
10870534,22,pathway,9,pathway,pathway,NN,_,6,dobj
10870534,23,for,10,for,for,IN,_,12,case
10870534,24,managing,11,managing,managing,NN,_,12,compound
10870534,25,patients,12,patients,patient,NNS,_,9,nmod
10870534,26,with,13,with,with,IN,_,15,case
10870534,27,fractured,14,fractured,fractured,JJ,_,15,amod
10870534,28,neck,15,neck,neck,NN,_,12,nmod
10870534,29,of,16,of,of,IN,_,17,case
10870534,30,femur,17,femur,femur,NN,_,15,nmod
10870534,31,.,18,.,.,.,_,1,punct
10870534,32,DESIGN,1,DESIGN,design,NN,_,7,compound
10870534,33,Prospective,2,Prospective,prospective,JJ,_,7,amod
10870534,34,",",3,",",",",",",_,2,punct
10870534,35,pseudorandomised,4,pseudorandomised,pseudorandomised,JJ,_,2,conj
10870534,36,",",5,",",",",",",_,2,punct
10870534,37,controlled,6,controlled,controlled,JJ,_,2,dep
10870534,38,trial,7,trial,trial,NN,_,0,ROOT
10870534,39,.,8,.,.,.,_,7,punct
10870534,40,SETTING,1,SETTING,set,VBG,_,0,ROOT
10870534,41,St,2,St,St,NNP,_,3,compound
10870534,42,Vincent,3,Vincent,Vincent,NNP,_,5,nmod:poss
10870534,43,'s,4,'s,'s,POS,_,3,case
10870534,44,Hospital,5,Hospital,Hospital,NNP,_,1,dobj
10870534,45,",",6,",",",",",",_,5,punct
10870534,46,Melbourne,7,Melbourne,Melbourne,NNP,_,5,appos
10870534,47,",",8,",",",",",",_,5,punct
10870534,48,Victoria,9,Victoria,Victoria,NNP,_,5,appos
10870534,49,(,10,-LRB-,-lrb-,-LRB-,_,13,punct
10870534,50,a,11,a,a,DT,_,13,det
10870534,51,tertiary,12,tertiary,tertiary,JJ,_,13,amod
10870534,52,referral,13,referral,referral,NN,_,9,dep
10870534,53,",",14,",",",",",",_,13,punct
10870534,54,university,15,university,university,NN,_,17,compound
10870534,55,teaching,16,teaching,teaching,NN,_,17,compound
10870534,56,hospital,17,hospital,hospital,NN,_,13,appos
10870534,57,),18,-RRB-,-rrb-,-RRB-,_,13,punct
10870534,58,",",19,",",",",",",_,5,punct
10870534,59,1,20,1,1,CD,_,21,nummod
10870534,60,October,21,October,October,NNP,_,25,compound
10870534,61,1997,22,1997,1997,CD,_,21,nummod
10870534,62,to,23,to,to,TO,_,21,dep
10870534,63,30,24,30,30,CD,_,21,nummod
10870534,64,November,25,November,November,NNP,_,5,appos
10870534,65,1998,26,1998,1998,CD,_,25,nummod
10870534,66,.,27,.,.,.,_,1,punct
10870534,67,PARTICIPANTS,1,PARTICIPANTS,participant,NNS,_,3,compound
10870534,68,111,2,111,111,CD,_,3,nummod
10870534,69,patients,3,patients,patient,NNS,_,0,ROOT
10870534,70,(,4,-LRB-,-lrb-,-LRB-,_,6,punct
10870534,71,80,5,80,80,CD,_,6,nummod
10870534,72,women,6,women,woman,NNS,_,3,dep
10870534,73,and,7,and,and,CC,_,6,cc
10870534,74,31,8,31,31,CD,_,9,nummod
10870534,75,men,9,men,man,NNS,_,6,conj
10870534,76,;,10,;,;,:,_,6,punct
10870534,77,mean,11,mean,mean,VB,_,6,dep
10870534,78,age,12,age,age,NN,_,11,dobj
10870534,79,",",13,",",",",",",_,12,punct
10870534,80,81,14,81,81,CD,_,15,nummod
10870534,81,years,15,years,year,NNS,_,12,appos
10870534,82,),16,-RRB-,-rrb-,-RRB-,_,12,punct
10870534,83,admitted,17,admitted,admit,VBN,_,12,acl
10870534,84,via,18,via,via,IN,_,21,case
10870534,85,the,19,the,the,DT,_,21,det
10870534,86,emergency,20,emergency,emergency,NN,_,21,compound
10870534,87,department,21,department,department,NN,_,17,nmod
10870534,88,with,22,with,with,IN,_,25,case
10870534,89,a,23,a,a,DT,_,25,det
10870534,90,primary,24,primary,primary,JJ,_,25,amod
10870534,91,diagnosis,25,diagnosis,diagnosis,NN,_,17,nmod
10870534,92,of,26,of,of,IN,_,28,case
10870534,93,fractured,27,fractured,fractured,JJ,_,28,amod
10870534,94,neck,28,neck,neck,NN,_,25,nmod
10870534,95,of,29,of,of,IN,_,30,case
10870534,96,femur,30,femur,femur,NN,_,28,nmod
10870534,97,.,31,.,.,.,_,3,punct
10870534,98,INTERVENTIONS,1,INTERVENTIONS,intervention,NNS,_,2,compound
10870534,99,Management,2,Management,Management,NNP,_,3,nsubj
10870534,100,guided,3,guided,guide,VBN,_,0,ROOT
10870534,101,by,4,by,by,IN,_,7,case
10870534,102,a,5,a,a,DT,_,7,det
10870534,103,clinical,6,clinical,clinical,JJ,_,7,amod
10870534,104,pathway,7,pathway,pathway,NN,_,3,nmod
10870534,105,(,8,-LRB-,-lrb-,-LRB-,_,10,punct
10870534,106,55,9,55,55,CD,_,10,nummod
10870534,107,patients,10,patients,patient,NNS,_,7,appos
10870534,108,),11,-RRB-,-rrb-,-RRB-,_,10,punct
10870534,109,or,12,or,or,CC,_,7,cc
10870534,110,established,13,established,established,JJ,_,14,amod
10870534,111,standard,14,standard,standard,NN,_,7,conj
10870534,112,of,15,of,of,IN,_,16,case
10870534,113,care,16,care,care,NN,_,14,nmod
10870534,114,(,17,-LRB-,-lrb-,-LRB-,_,19,punct
10870534,115,control,18,control,control,NN,_,19,compound
10870534,116,group,19,group,group,NN,_,14,dep
10870534,117,",",20,",",",",",",_,19,punct
10870534,118,56,21,56,56,CD,_,22,nummod
10870534,119,patients,22,patients,patient,NNS,_,19,appos
10870534,120,),23,-RRB-,-rrb-,-RRB-,_,19,punct
10870534,121,.,24,.,.,.,_,3,punct
10870534,122,MAIN,1,MAIN,main,JJ,_,4,amod
10870534,123,OUTCOME,2,OUTCOME,outcome,NN,_,4,compound
10870534,124,MEASURES,3,MEASURES,measure,NNS,_,4,compound
10870534,125,Timing,4,Timing,timing,NN,_,0,ROOT
10870534,126,of,5,of,of,IN,_,6,case
10870534,127,referrals,6,referrals,referral,NNS,_,4,nmod
10870534,128,and,7,and,and,CC,_,6,cc
10870534,129,discharge,8,discharge,discharge,NN,_,9,compound
10870534,130,planning,9,planning,planning,NN,_,6,conj
10870534,131,;,10,;,;,:,_,4,punct
10870534,132,total,11,total,total,JJ,_,12,amod
10870534,133,length,12,length,length,NN,_,4,conj
10870534,134,of,13,of,of,IN,_,14,case
10870534,135,stay,14,stay,stay,NN,_,12,nmod
10870534,136,;,15,;,;,:,_,4,punct
10870534,137,and,16,and,and,CC,_,4,cc
10870534,138,complication,17,complication,complication,NN,_,20,compound
10870534,139,and,18,and,and,CC,_,17,cc
10870534,140,readmission,19,readmission,readmission,NN,_,17,conj
10870534,141,rates,20,rates,rate,NNS,_,4,conj
10870534,142,within,21,within,within,IN,_,23,case
10870534,143,28,22,28,28,CD,_,23,nummod
10870534,144,days,23,days,day,NNS,_,20,nmod
10870534,145,of,24,of,of,IN,_,25,case
10870534,146,discharge,25,discharge,discharge,NN,_,23,nmod
10870534,147,.,26,.,.,.,_,4,punct
10870534,148,RESULTS,1,RESULTS,result,NNS,_,2,compound
10870534,149,Patients,2,Patients,patient,NNS,_,3,nsubj
10870534,150,managed,3,managed,manage,VBD,_,0,ROOT
10870534,151,according,4,according,accord,VBG,_,8,case
10870534,152,to,5,to,to,TO,_,4,mwe
10870534,153,the,6,the,the,DT,_,8,det
10870534,154,clinical,7,clinical,clinical,JJ,_,8,amod
10870534,155,pathway,8,pathway,pathway,NN,_,3,nmod
10870534,156,had,9,had,have,VBD,_,3,dep
10870534,157,a,10,a,a,DT,_,13,det
10870534,158,shorter,11,shorter,shorter,JJR,_,13,amod
10870534,159,total,12,total,total,JJ,_,13,amod
10870534,160,stay,13,stay,stay,NN,_,9,dobj
10870534,161,(,14,-LRB-,-lrb-,-LRB-,_,18,punct
10870534,162,6.6,15,6.6,6.6,CD,_,18,nummod
10870534,163,versus,16,versus,versus,CC,_,15,cc
10870534,164,8.0,17,8.0,8.0,CD,_,15,conj
10870534,165,days,18,days,day,NNS,_,13,dep
10870534,166,;,19,;,;,:,_,18,punct
10870534,167,P,20,P,p,NN,_,21,nsubj
10870534,168,=,21,=,=,JJ,_,18,dep
10870534,169,0.03,22,0.03,0.03,CD,_,21,dobj
10870534,170,),23,-RRB-,-rrb-,-RRB-,_,18,punct
10870534,171,",",24,",",",",",",_,9,punct
10870534,172,even,25,even,even,RB,_,37,advmod
10870534,173,if,26,if,if,IN,_,37,mark
10870534,174,assessment,27,assessment,assessment,NN,_,37,nsubjpass
10870534,175,for,28,for,for,IN,_,29,case
10870534,176,placement,29,placement,placement,NN,_,27,nmod
10870534,177,by,30,by,by,IN,_,35,case
10870534,178,the,31,the,the,DT,_,35,det
10870534,179,Aged,32,Aged,Aged,NNP,_,35,compound
10870534,180,Care,33,Care,Care,NNP,_,35,compound
10870534,181,Assessment,34,Assessment,Assessment,NNP,_,35,compound
10870534,182,Service,35,Service,Service,NNP,_,29,nmod
10870534,183,was,36,was,be,VBD,_,37,auxpass
10870534,184,required,37,required,require,VBN,_,9,advcl
10870534,185,(,38,-LRB-,-lrb-,-LRB-,_,42,punct
10870534,186,9.5,39,9.5,9.5,CD,_,42,nummod
10870534,187,versus,40,versus,versus,CC,_,39,cc
10870534,188,13.6,41,13.6,13.6,CD,_,39,conj
10870534,189,days,42,days,day,NNS,_,37,dep
10870534,190,;,43,;,;,:,_,42,punct
10870534,191,P,44,P,p,NN,_,45,nsubj
10870534,192,=,45,=,=,JJ,_,42,dep
10870534,193,0.03,46,0.03,0.03,CD,_,45,dobj
10870534,194,),47,-RRB-,-rrb-,-RRB-,_,42,punct
10870534,195,.,48,.,.,.,_,3,punct
10870534,196,There,1,There,there,EX,_,2,expl
10870534,197,were,2,were,be,VBD,_,0,ROOT
10870534,198,no,3,no,no,DT,_,5,neg
10870534,199,significant,4,significant,significant,JJ,_,5,amod
10870534,200,differences,5,differences,difference,NNS,_,2,nsubj
10870534,201,in,6,in,in,IN,_,7,case
10870534,202,complication,7,complication,complication,NN,_,2,nmod
10870534,203,and,8,and,and,CC,_,7,cc
10870534,204,readmission,9,readmission,readmission,NN,_,10,compound
10870534,205,rates,10,rates,rate,NNS,_,7,conj
10870534,206,between,11,between,between,IN,_,12,case
10870534,207,pathway,12,pathway,pathway,NN,_,7,nmod
10870534,208,and,13,and,and,CC,_,12,cc
10870534,209,control,14,control,control,NN,_,15,compound
10870534,210,patients,15,patients,patient,NNS,_,12,conj
10870534,211,(,16,-LRB-,-lrb-,-LRB-,_,18,punct
10870534,212,complication,17,complication,complication,NN,_,18,compound
10870534,213,rates,18,rates,rate,NNS,_,15,dep
10870534,214,",",19,",",",",",",_,18,punct
10870534,215,24,20,24,24,CD,_,21,nummod
10870534,216,%,21,%,%,NN,_,18,appos
10870534,217,versus,22,versus,versus,CC,_,21,cc
10870534,218,36,23,36,36,CD,_,24,nummod
10870534,219,%,24,%,%,NN,_,21,conj
10870534,220,;,25,;,;,:,_,18,punct
10870534,221,P,26,P,p,NN,_,18,dep
10870534,222,=,27,=,=,JJ,_,26,amod
10870534,223,0.40,28,0.40,0.40,CD,_,27,dep
10870534,224,;,29,;,;,:,_,18,punct
10870534,225,readmission,30,readmission,readmission,NN,_,31,compound
10870534,226,rates,31,rates,rate,NNS,_,18,dep
10870534,227,",",32,",",",",",",_,31,punct
10870534,228,4,33,4,4,CD,_,34,nummod
10870534,229,%,34,%,%,NN,_,31,appos
10870534,230,versus,35,versus,versus,CC,_,34,cc
10870534,231,11,36,11,11,CD,_,37,nummod
10870534,232,%,37,%,%,NN,_,34,conj
10870534,233,;,38,;,;,:,_,18,punct
10870534,234,P,39,P,p,NN,_,40,nsubj
10870534,235,=,40,=,=,JJ,_,18,dep
10870534,236,0.28,41,0.28,0.28,CD,_,40,dobj
10870534,237,),42,-RRB-,-rrb-,-RRB-,_,18,punct
10870534,238,.,43,.,.,.,_,2,punct
10870534,239,CONCLUSION,1,CONCLUSION,conclusion,NN,_,4,compound
10870534,240,Coordinated,2,Coordinated,coordinate,VBN,_,4,amod
10870534,241,multidisciplinary,3,multidisciplinary,multidisciplinary,JJ,_,4,amod
10870534,242,care,4,care,care,NN,_,12,nsubj
10870534,243,of,5,of,of,IN,_,6,case
10870534,244,patients,6,patients,patient,NNS,_,4,nmod
10870534,245,with,7,with,with,IN,_,9,case
10870534,246,fractured,8,fractured,fractured,JJ,_,9,amod
10870534,247,neck,9,neck,neck,NN,_,6,nmod
10870534,248,of,10,of,of,IN,_,11,case
10870534,249,femur,11,femur,femur,NN,_,9,nmod
10870534,250,reduces,12,reduces,reduce,VBZ,_,0,ROOT
10870534,251,length,13,length,length,NN,_,12,dobj
10870534,252,of,14,of,of,IN,_,15,case
10870534,253,stay,15,stay,stay,NN,_,13,nmod
10870534,254,without,16,without,without,IN,_,17,mark
10870534,255,increasing,17,increasing,increase,VBG,_,12,advcl
10870534,256,complications,18,complications,complication,NNS,_,17,dobj
10870534,257,.,19,.,.,.,_,12,punct
