doc,idx,Word_EBM,Sent_pos,Word,Lemma,UPOS,XPOS,HEAD,DEPREL
1131298,0,Effect,1,Effect,effect,NN,_,0,ROOT
1131298,1,of,2,of,of,IN,_,5,case
1131298,2,the,3,the,the,DT,_,5,det
1131298,3,essential,4,essential,essential,JJ,_,5,amod
1131298,4,oils,5,oils,oils,NNS,_,1,nmod
1131298,5,of,6,of,of,IN,_,7,case
1131298,6,garlic,7,garlic,garlic,NN,_,5,nmod
1131298,7,and,8,and,and,CC,_,7,cc
1131298,8,onion,9,onion,onion,NN,_,7,conj
1131298,9,on,10,on,on,IN,_,12,case
1131298,10,alimentary,11,alimentary,alimentary,JJ,_,12,amod
1131298,11,hyperlipemia,12,hyperlipemia,hyperlipemia,NN,_,1,nmod
1131298,12,.,13,.,.,.,_,1,punct
1131298,13,SUMMARY,1,SUMMARY,summary,NN,_,3,compound
1131298,14,The,2,The,the,DT,_,3,det
1131298,15,effect,3,effect,effect,NN,_,21,nsubjpass
1131298,16,of,4,of,of,IN,_,5,case
1131298,17,garlic,5,garlic,garlic,NN,_,3,nmod
1131298,18,and,6,and,and,CC,_,5,cc
1131298,19,onion,7,onion,onion,NN,_,5,conj
1131298,20,on,8,on,on,IN,_,10,case
1131298,21,alimentary,9,alimentary,alimentary,JJ,_,10,amod
1131298,22,hyperlipemia,10,hyperlipemia,hyperlipemia,NN,_,3,nmod
1131298,23,",",11,",",",",",",_,3,punct
1131298,24,induced,12,induced,induce,VBN,_,3,acl
1131298,25,by,13,by,by,IN,_,14,mark
1131298,26,feeding,14,feeding,feed,VBG,_,12,advcl
1131298,27,100,15,100,100,CD,_,17,nummod
1131298,28,g,16,g,g,NN,_,17,compound
1131298,29,butter,17,butter,butter,NN,_,14,dobj
1131298,30,",",18,",",",",",",_,3,punct
1131298,31,has,19,has,have,VBZ,_,21,aux
1131298,32,been,20,been,be,VBN,_,21,auxpass
1131298,33,studied,21,studied,study,VBN,_,0,ROOT
1131298,34,in,22,in,in,IN,_,25,case
1131298,35,10,23,10,10,CD,_,25,nummod
1131298,36,healthy,24,healthy,healthy,JJ,_,25,amod
1131298,37,subjects,25,subjects,subject,NNS,_,21,nmod
1131298,38,.,26,.,.,.,_,21,punct
1131298,39,The,1,The,the,DT,_,4,det
1131298,40,freshly,2,freshly,freshly,RB,_,3,advmod
1131298,41,extracted,3,extracted,extract,VBN,_,4,amod
1131298,42,juice,4,juice,juice,NN,_,26,nsubjpass
1131298,43,of,5,of,of,IN,_,7,case
1131298,44,50,6,50,50,CD,_,7,nummod
1131298,45,g,7,g,g,NN,_,4,nmod
1131298,46,of,8,of,of,IN,_,9,case
1131298,47,garlic,9,garlic,garlic,NN,_,7,nmod
1131298,48,or,10,or,or,CC,_,9,cc
1131298,49,onion,11,onion,onion,NN,_,9,conj
1131298,50,",",12,",",",",",",_,4,punct
1131298,51,as,13,as,as,RB,_,4,cc
1131298,52,well,14,well,well,RB,_,13,mwe
1131298,53,as,15,as,as,IN,_,13,mwe
1131298,54,an,16,an,a,DT,_,18,det
1131298,55,equivalent,17,equivalent,equivalent,JJ,_,18,amod
1131298,56,amount,18,amount,amount,NN,_,4,conj
1131298,57,of,19,of,of,IN,_,23,case
1131298,58,their,20,their,they,PRP$,_,23,nmod:poss
1131298,59,ether-extracted,21,ether-extracted,ether-extracted,JJ,_,23,amod
1131298,60,essential,22,essential,essential,JJ,_,23,amod
1131298,61,oils,23,oils,oils,NNS,_,18,nmod
1131298,62,",",24,",",",",",",_,4,punct
1131298,63,was,25,was,be,VBD,_,26,auxpass
1131298,64,administered,26,administered,administer,VBN,_,0,ROOT
1131298,65,randomly,27,randomly,randomly,RB,_,26,advmod
1131298,66,on,28,on,on,IN,_,31,case
1131298,67,four,29,four,four,CD,_,31,nummod
1131298,68,different,30,different,different,JJ,_,31,amod
1131298,69,days,31,days,day,NNS,_,26,nmod
1131298,70,during,32,during,during,IN,_,35,case
1131298,71,a,33,a,a,DT,_,35,det
1131298,72,one-week,34,one-week,one-week,JJ,_,35,amod
1131298,73,period,35,period,period,NN,_,26,nmod
1131298,74,.,36,.,.,.,_,26,punct
1131298,75,Garlic,1,Garlic,Garlic,NNP,_,4,nsubj
1131298,76,and,2,and,and,CC,_,1,cc
1131298,77,onion,3,onion,onion,NN,_,1,conj
1131298,78,have,4,have,have,VBP,_,0,ROOT
1131298,79,a,5,a,a,DT,_,8,det
1131298,80,significant,6,significant,significant,JJ,_,8,amod
1131298,81,protective,7,protective,protective,JJ,_,8,amod
1131298,82,action,8,action,action,NN,_,4,dobj
1131298,83,against,9,against,against,IN,_,11,case
1131298,84,fat-induced,10,fat-induced,fat-induced,JJ,_,11,amod
1131298,85,increases,11,increases,increase,NNS,_,8,nmod
1131298,86,in,12,in,in,IN,_,14,case
1131298,87,serum,13,serum,serum,NN,_,14,compound
1131298,88,cholesterol,14,cholesterol,cholesterol,NN,_,11,nmod
1131298,89,and,15,and,and,CC,_,14,cc
1131298,90,plasma,16,plasma,plasma,NN,_,17,compound
1131298,91,fibrinogen,17,fibrinogen,fibrinogen,NN,_,14,conj
1131298,92,and,18,and,and,CC,_,4,cc
1131298,93,decreases,19,decreases,decrease,VBZ,_,4,conj
1131298,94,in,20,in,in,IN,_,22,case
1131298,95,coagulation,21,coagulation,coagulation,NN,_,22,compound
1131298,96,time,22,time,time,NN,_,19,nmod
1131298,97,and,23,and,and,CC,_,22,cc
1131298,98,fibrinolytic,24,fibrinolytic,fibrinolytic,JJ,_,25,amod
1131298,99,activity,25,activity,activity,NN,_,22,conj
1131298,100,.,26,.,.,.,_,4,punct
1131298,101,The,1,The,the,DT,_,4,det
1131298,102,essential,2,essential,essential,JJ,_,4,amod
1131298,103,oil,3,oil,oil,NN,_,4,compound
1131298,104,fraction,4,fraction,fraction,NN,_,15,nsubj
1131298,105,",",5,",",",",",",_,4,punct
1131298,106,which,6,which,which,WDT,_,7,nsubj
1131298,107,contains,7,contains,contain,VBZ,_,4,acl:relcl
1131298,108,all,8,all,all,PDT,_,10,det:predet
1131298,109,the,9,the,the,DT,_,10,det
1131298,110,taste,10,taste,taste,NN,_,7,dobj
1131298,111,and,11,and,and,CC,_,10,cc
1131298,112,odour,12,odour,odour,NN,_,10,conj
1131298,113,",",13,",",",",",",_,4,punct
1131298,114,exactly,14,exactly,exactly,RB,_,15,advmod
1131298,115,duplicated,15,duplicated,duplicate,VBD,_,0,ROOT
1131298,116,the,16,the,the,DT,_,18,det
1131298,117,beneficial,17,beneficial,beneficial,JJ,_,18,amod
1131298,118,effects,18,effects,effect,NNS,_,15,dobj
1131298,119,of,19,of,of,IN,_,21,case
1131298,120,whole,20,whole,whole,JJ,_,21,amod
1131298,121,garlic,21,garlic,garlic,NN,_,18,nmod
1131298,122,and,22,and,and,CC,_,21,cc
1131298,123,onion,23,onion,onion,NN,_,21,conj
1131298,124,.,24,.,.,.,_,15,punct
1131298,125,It,1,It,it,PRP,_,6,nsubjpass
1131298,126,is,2,is,be,VBZ,_,6,auxpass
1131298,127,",",3,",",",",",",_,6,punct
1131298,128,therefore,4,therefore,therefore,RB,_,6,advmod
1131298,129,",",5,",",",",",",_,6,punct
1131298,130,concluded,6,concluded,conclude,VBD,_,0,ROOT
1131298,131,that,7,that,that,IN,_,18,mark
1131298,132,the,8,the,the,DT,_,10,det
1131298,133,active,9,active,active,JJ,_,10,amod
1131298,134,principle,10,principle,principle,NN,_,18,nsubj
1131298,135,of,11,of,of,IN,_,12,case
1131298,136,garlic,12,garlic,garlic,NN,_,10,nmod
1131298,137,and,13,and,and,CC,_,12,cc
1131298,138,onion,14,onion,onion,NN,_,12,conj
1131298,139,is,15,is,be,VBZ,_,18,cop
1131298,140,the,16,the,the,DT,_,18,det
1131298,141,essential,17,essential,essential,JJ,_,18,amod
1131298,142,oil,18,oil,oil,NN,_,6,ccomp
1131298,143,",",19,",",",",",",_,18,punct
1131298,144,which,20,which,which,WDT,_,24,nsubj
1131298,145,chemically,21,chemically,chemically,RB,_,24,advmod
1131298,146,is,22,is,be,VBZ,_,24,cop
1131298,147,a,23,a,a,DT,_,24,det
1131298,148,combination,24,combination,combination,NN,_,18,acl:relcl
1131298,149,of,25,of,of,IN,_,27,case
1131298,150,sulphur-containing,26,sulphur-containing,sulphur-containing,JJ,_,27,amod
1131298,151,compounds,27,compounds,compound,NNS,_,24,nmod
1131298,152,",",28,",",",",",",_,24,punct
1131298,153,mainly,29,mainly,mainly,RB,_,30,advmod
1131298,154,allyl,30,allyl,allyl,JJ,_,32,amod
1131298,155,propyl,31,propyl,propyl,NN,_,32,compound
1131298,156,disulphide,32,disulphide,disulphide,NN,_,24,appos
1131298,157,and,33,and,and,CC,_,32,cc
1131298,158,diallyl,34,diallyl,diallyl,NN,_,35,compound
1131298,159,disulphide,35,disulphide,disulphide,NN,_,32,conj
1131298,160,.,36,.,.,.,_,6,punct
