doc,idx,Word_EBM,Sent_pos,Word,Lemma,UPOS,XPOS,HEAD,DEPREL
11317090,0,Economic,1,Economic,Economic,NNP,_,2,compound
11317090,1,evaluation,2,evaluation,evaluation,NN,_,0,ROOT
11317090,2,of,3,of,of,IN,_,5,case
11317090,3,aquatic,4,aquatic,aquatic,JJ,_,5,amod
11317090,4,exercise,5,exercise,exercise,NN,_,2,nmod
11317090,5,for,6,for,for,IN,_,7,case
11317090,6,persons,7,persons,person,NNS,_,2,nmod
11317090,7,with,8,with,with,IN,_,9,case
11317090,8,osteoarthritis,9,osteoarthritis,osteoarthritis,NN,_,7,nmod
11317090,9,.,10,.,.,.,_,2,punct
11317090,10,OBJECTIVES,1,OBJECTIVES,objective,NNS,_,0,ROOT
11317090,11,To,2,To,to,TO,_,3,mark
11317090,12,estimate,3,estimate,estimate,VB,_,1,acl
11317090,13,cost,4,cost,cost,NN,_,3,dobj
11317090,14,and,5,and,and,CC,_,4,cc
11317090,15,outcomes,6,outcomes,outcome,NNS,_,4,conj
11317090,16,of,7,of,of,IN,_,13,case
11317090,17,the,8,the,the,DT,_,13,det
11317090,18,Arthritis,9,Arthritis,Arthritis,NNP,_,13,compound
11317090,19,Foundation,10,Foundation,Foundation,NNP,_,13,compound
11317090,20,aquatic,11,aquatic,aquatic,JJ,_,13,amod
11317090,21,exercise,12,exercise,exercise,NN,_,13,compound
11317090,22,classes,13,classes,class,NNS,_,4,nmod
11317090,23,from,14,from,from,IN,_,17,case
11317090,24,the,15,the,the,DT,_,17,det
11317090,25,societal,16,societal,societal,JJ,_,17,amod
11317090,26,perspective,17,perspective,perspective,NN,_,3,nmod
11317090,27,.,18,.,.,.,_,1,punct
11317090,28,DESIGN,1,DESIGN,design,NN,_,3,compound
11317090,29,Randomized,2,Randomized,randomized,JJ,_,3,amod
11317090,30,trial,3,trial,trial,NN,_,0,ROOT
11317090,31,of,4,of,of,IN,_,7,case
11317090,32,20-week,5,20-week,20-week,JJ,_,7,amod
11317090,33,aquatic,6,aquatic,aquatic,JJ,_,7,amod
11317090,34,classes,7,classes,class,NNS,_,3,nmod
11317090,35,.,8,.,.,.,_,3,punct
11317090,36,Cost,1,Cost,cost,NN,_,9,nsubj
11317090,37,per,2,per,per,IN,_,5,case
11317090,38,quality-adjusted,3,quality-adjusted,quality-adjusted,JJ,_,5,amod
11317090,39,life,4,life,life,NN,_,5,compound
11317090,40,year,5,year,year,NN,_,1,nmod
11317090,41,(,6,-LRB-,-lrb-,-LRB-,_,7,punct
11317090,42,QALY,7,QALY,qaly,NN,_,5,appos
11317090,43,),8,-RRB-,-rrb-,-RRB-,_,7,punct
11317090,44,gained,9,gained,gain,VBD,_,11,csubjpass
11317090,45,was,10,was,be,VBD,_,11,auxpass
11317090,46,estimated,11,estimated,estimate,VBN,_,0,ROOT
11317090,47,using,12,using,use,VBG,_,11,xcomp
11317090,48,trial,13,trial,trial,NN,_,14,compound
11317090,49,data,14,data,datum,NNS,_,12,dobj
11317090,50,.,15,.,.,.,_,11,punct
11317090,51,Sample,1,Sample,sample,VB,_,2,amod
11317090,52,size,2,size,size,NN,_,4,nsubjpass
11317090,53,was,3,was,be,VBD,_,4,auxpass
11317090,54,based,4,based,base,VBN,_,0,ROOT
11317090,55,on,5,on,on,IN,_,8,case
11317090,56,80,6,80,80,CD,_,7,compound
11317090,57,%,7,%,%,NN,_,8,amod
11317090,58,power,8,power,power,NN,_,4,nmod
11317090,59,to,9,to,to,TO,_,10,mark
11317090,60,reject,10,reject,reject,VB,_,8,acl
11317090,61,the,11,the,the,DT,_,13,det
11317090,62,null,12,,,JJ,_,13,amod
11317090,63,hypothesis,13,hypothesis,hypothesis,NN,_,10,dobj
11317090,64,that,14,that,that,IN,_,17,dobj
11317090,65,the,15,the,the,DT,_,16,det
11317090,66,cost/QALY,16,cost/QALY,cost/qaly,NN,_,17,nsubj
11317090,67,gained,17,gained,gain,VBD,_,13,acl:relcl
11317090,68,would,18,would,would,MD,_,20,aux
11317090,69,not,19,not,not,RB,_,20,neg
11317090,70,exceed,20,exceed,exceed,VB,_,17,ccomp
11317090,71,$,21,$,$,$,_,22,dep
11317090,72,"50,000",22,"50,000","50,000",CD,_,20,dobj
11317090,73,.,23,.,.,.,_,4,punct
11317090,74,SUBJECTS,1,SUBJECTS,subject,NNS,_,4,nsubj
11317090,75,AND,2,AND,and,CC,_,1,cc
11317090,76,METHODS,3,METHODS,method,NNS,_,1,conj
11317090,77,Recruited,4,Recruited,recruit,VBN,_,0,ROOT
11317090,78,249,5,249,249,CD,_,6,nummod
11317090,79,adults,6,adults,adult,NNS,_,4,dobj
11317090,80,from,7,from,from,IN,_,9,case
11317090,81,Washington,8,Washington,Washington,NNP,_,9,compound
11317090,82,State,9,State,State,NNP,_,4,nmod
11317090,83,aged,10,aged,aged,JJ,_,13,dep
11317090,84,55,11,55,55,CD,_,13,compound
11317090,85,to,12,to,to,TO,_,13,dep
11317090,86,75,13,75,75,CD,_,9,nummod
11317090,87,with,14,with,with,IN,_,17,case
11317090,88,a,15,a,a,DT,_,17,det
11317090,89,doctor-confirmed,16,doctor-confirmed,doctor-confirmed,JJ,_,17,amod
11317090,90,diagnosis,17,diagnosis,diagnosis,NN,_,4,nmod
11317090,91,of,18,of,of,IN,_,19,case
11317090,92,osteoarthritis,19,osteoarthritis,osteoarthritis,NN,_,17,nmod
11317090,93,to,20,to,to,TO,_,21,mark
11317090,94,participate,21,participate,participate,VB,_,17,acl
11317090,95,in,22,in,in,IN,_,24,case
11317090,96,aquatic,23,aquatic,aquatic,JJ,_,24,amod
11317090,97,classes,24,classes,class,NNS,_,21,nmod
11317090,98,.,25,.,.,.,_,4,punct
11317090,99,The,1,The,the,DT,_,2,det
11317090,100,Quality,2,Quality,Quality,NNP,_,18,nsubjpass
11317090,101,of,3,of,of,IN,_,5,case
11317090,102,Well-Being,4,Well-Being,Well-Being,NNP,_,5,compound
11317090,103,Scale,5,Scale,Scale,NNP,_,2,nmod
11317090,104,(,6,-LRB-,-lrb-,-LRB-,_,7,punct
11317090,105,QWB,7,QWB,QWB,NNP,_,5,appos
11317090,106,),8,-RRB-,-rrb-,-RRB-,_,7,punct
11317090,107,and,9,and,and,CC,_,5,cc
11317090,108,Current,10,Current,current,JJ,_,13,amod
11317090,109,Health,11,Health,Health,NNP,_,13,compound
11317090,110,Desirability,12,Desirability,Desirability,NNP,_,13,compound
11317090,111,Rating,13,Rating,Rating,NNP,_,5,conj
11317090,112,(,14,-LRB-,-lrb-,-LRB-,_,15,punct
11317090,113,CHDR,15,CHDR,CHDR,NNP,_,13,appos
11317090,114,),16,-RRB-,-rrb-,-RRB-,_,15,punct
11317090,115,were,17,were,be,VBD,_,18,auxpass
11317090,116,used,18,used,use,VBN,_,0,ROOT
11317090,117,for,19,for,for,IN,_,21,case
11317090,118,economic,20,economic,economic,JJ,_,21,amod
11317090,119,evaluation,21,evaluation,evaluation,NN,_,18,nmod
11317090,120,",",22,",",",",",",_,21,punct
11317090,121,supplemented,23,supplemented,supplement,VBN,_,21,conj
11317090,122,by,24,by,by,IN,_,29,case
11317090,123,the,25,the,the,DT,_,29,det
11317090,124,arthritis-specific,26,arthritis-specific,arthritis-specific,JJ,_,29,amod
11317090,125,Health,27,Health,Health,NNP,_,29,compound
11317090,126,Assessment,28,Assessment,Assessment,NNP,_,29,compound
11317090,127,Questionnaire,29,Questionnaire,Questionnaire,NNP,_,23,nmod
11317090,128,(,30,-LRB-,-lrb-,-LRB-,_,31,punct
11317090,129,HAQ,31,HAQ,HAQ,NNP,_,29,appos
11317090,130,),32,-RRB-,-rrb-,-RRB-,_,31,punct
11317090,131,",",33,",",",",",",_,29,punct
11317090,132,Center,34,Center,Center,NNP,_,29,appos
11317090,133,for,35,for,for,IN,_,38,case
11317090,134,Epidemiologic,36,Epidemiologic,Epidemiologic,NNP,_,38,compound
11317090,135,Studies-Depression,37,Studies-Depression,Studies-Depression,NNP,_,38,compound
11317090,136,Scale,38,Scale,Scale,NNP,_,34,nmod
11317090,137,(,39,-LRB-,-lrb-,-LRB-,_,40,punct
11317090,138,CES-D,40,CES-D,ces-d,NN,_,38,appos
11317090,139,),41,-RRB-,-rrb-,-RRB-,_,40,punct
11317090,140,",",42,",",",",",",_,29,punct
11317090,141,and,43,and,and,CC,_,21,cc
11317090,142,Perceived,44,Perceived,perceive,VBN,_,45,amod
11317090,143,Quality,45,Quality,Quality,NNP,_,21,conj
11317090,144,of,46,of,of,IN,_,48,case
11317090,145,Life,47,Life,Life,NNP,_,48,compound
11317090,146,Scale,48,Scale,Scale,NNP,_,45,nmod
11317090,147,(,49,-LRB-,-lrb-,-LRB-,_,50,punct
11317090,148,PQOL,50,PQOL,PQOL,NNP,_,45,appos
11317090,149,),51,-RRB-,-rrb-,-RRB-,_,50,punct
11317090,150,collected,52,collected,collect,VBN,_,45,acl
11317090,151,at,53,at,at,IN,_,54,case
11317090,152,baseline,54,baseline,baseline,NN,_,52,nmod
11317090,153,and,55,and,and,CC,_,54,cc
11317090,154,postclass,56,postclass,postclass,NN,_,54,conj
11317090,155,.,57,.,.,.,_,18,punct
11317090,156,Outcome,1,Outcome,outcome,NN,_,2,compound
11317090,157,results,2,results,result,VBZ,_,9,nsubjpass
11317090,158,applied,3,applied,apply,VBN,_,2,acl
11317090,159,to,4,to,to,TO,_,7,case
11317090,160,life,5,life,life,NN,_,7,compound
11317090,161,expectancy,6,expectancy,expectancy,NN,_,7,compound
11317090,162,tables,7,tables,table,NNS,_,3,nmod
11317090,163,were,8,were,be,VBD,_,9,auxpass
11317090,164,used,9,used,use,VBN,_,0,ROOT
11317090,165,to,10,to,to,TO,_,11,mark
11317090,166,estimate,11,estimate,estimate,VB,_,9,xcomp
11317090,167,QALYs,12,QALYs,qaly,NNS,_,11,dobj
11317090,168,.,13,.,.,.,_,9,punct
11317090,169,Use,1,Use,use,NN,_,7,nsubjpass
11317090,170,of,2,of,of,IN,_,5,case
11317090,171,health,3,health,health,NN,_,5,compound
11317090,172,care,4,care,care,NN,_,5,compound
11317090,173,facilities,5,facilities,facility,NNS,_,1,nmod
11317090,174,was,6,was,be,VBD,_,7,auxpass
11317090,175,assessed,7,assessed,assess,VBN,_,0,ROOT
11317090,176,from,8,from,from,IN,_,9,case
11317090,177,diaries/questionnaires,9,diaries/questionnaires,diaries/questionnaires,NNS,_,7,nmod
11317090,178,and,10,and,and,CC,_,9,cc
11317090,179,Medicare,11,Medicare,Medicare,NNP,_,13,compound
11317090,180,reimbursement,12,reimbursement,reimbursement,NN,_,13,compound
11317090,181,rates,13,rates,rate,NNS,_,9,conj
11317090,182,used,14,used,use,VBN,_,9,acl
11317090,183,to,15,to,to,TO,_,16,mark
11317090,184,estimate,16,estimate,estimate,VB,_,14,xcomp
11317090,185,costs,17,costs,cost,NNS,_,16,dobj
11317090,186,.,18,.,.,.,_,7,punct
11317090,187,Nonparametric,1,Nonparametric,nonparametric,JJ,_,3,amod
11317090,188,bootstrap,2,bootstrap,bootstrap,NN,_,3,compound
11317090,189,sampling,3,sampling,sampling,NN,_,7,nsubj
11317090,190,of,4,of,of,IN,_,6,case
11317090,191,costs/QALY,5,costs/QALY,costs/qaly,NN,_,6,compound
11317090,192,ratios,6,ratios,ratio,NNS,_,3,nmod
11317090,193,established,7,established,establish,VBD,_,0,ROOT
11317090,194,the,8,the,the,DT,_,11,det
11317090,195,95,9,95,95,CD,_,10,compound
11317090,196,%,10,%,%,NN,_,11,amod
11317090,197,CI,11,CI,ci,NN,_,7,dobj
11317090,198,around,12,around,around,IN,_,14,case
11317090,199,the,13,the,the,DT,_,14,det
11317090,200,estimates,14,estimates,estimate,NNS,_,11,nmod
11317090,201,.,15,.,.,.,_,7,punct
11317090,202,RESULTS,1,RESULTS,result,NNS,_,3,compound
11317090,203,Aquatic,2,Aquatic,aquatic,JJ,_,3,amod
11317090,204,exercisers,3,exercisers,exerciser,NNS,_,4,nsubj
11317090,205,reported,4,reported,report,VBD,_,0,ROOT
11317090,206,equal,5,equal,equal,JJ,_,19,amod
11317090,207,(,6,-LRB-,-lrb-,-LRB-,_,7,punct
11317090,208,QWB,7,QWB,qwb,NN,_,5,appos
11317090,209,),8,-RRB-,-rrb-,-RRB-,_,7,punct
11317090,210,or,9,or,or,CC,_,5,cc
11317090,211,better,10,better,better,JJR,_,5,conj
11317090,212,(,11,-LRB-,-lrb-,-LRB-,_,12,punct
11317090,213,CHDR,12,CHDR,CHDR,NNP,_,19,dep
11317090,214,",",13,",",",",",",_,12,punct
11317090,215,HAQ,14,HAQ,HAQ,NNP,_,12,conj
11317090,216,",",15,",",",",",",_,12,punct
11317090,217,PQOL,16,PQOL,PQOL,NNP,_,12,dep
11317090,218,),17,-RRB-,-rrb-,-RRB-,_,12,punct
11317090,219,health-related,18,health-related,health-related,JJ,_,19,amod
11317090,220,quality,19,quality,quality,NN,_,4,dobj
11317090,221,of,20,of,of,IN,_,21,case
11317090,222,life,21,life,life,NN,_,19,nmod
11317090,223,compared,22,compared,compare,VBN,_,24,case
11317090,224,with,23,with,with,IN,_,24,case
11317090,225,controls,24,controls,control,NNS,_,19,nmod
11317090,226,.,25,.,.,.,_,4,punct
11317090,227,Outcomes,1,Outcomes,outcome,NNS,_,2,nsubj
11317090,228,improved,2,improved,improve,VBN,_,0,ROOT
11317090,229,with,3,with,with,IN,_,6,case
11317090,230,regular,4,regular,regular,JJ,_,6,amod
11317090,231,class,5,class,class,NN,_,6,compound
11317090,232,attendance,6,attendance,attendance,NN,_,2,nmod
11317090,233,.,7,.,.,.,_,2,punct
11317090,234,Costs/QALY,1,Costs/QALY,costs/qaly,NN,_,2,nsubj
11317090,235,gained,2,gained,gain,VBD,_,0,ROOT
11317090,236,discounted,3,discounted,discount,VBN,_,9,csubj
11317090,237,at,4,at,at,IN,_,6,case
11317090,238,3,5,3,3,CD,_,6,nummod
11317090,239,%,6,%,%,NN,_,3,nmod
11317090,240,were,7,were,be,VBD,_,9,cop
11317090,241,$,8,$,$,$,_,9,dep
11317090,242,"205,186",9,"205,186","205,186",CD,_,2,ccomp
11317090,243,using,10,using,use,VBG,_,9,acl
11317090,244,the,11,the,the,DT,_,12,det
11317090,245,QWB,12,QWB,qwb,NN,_,10,dobj
11317090,246,and,13,and,and,CC,_,12,cc
11317090,247,$,14,$,$,$,_,15,dep
11317090,248,"32,643",15,"32,643","32,643",CD,_,12,conj
11317090,249,using,16,using,use,VBG,_,10,advcl
11317090,250,the,17,the,the,DT,_,18,det
11317090,251,CHRD,18,CHRD,CHRD,NNP,_,16,dobj
11317090,252,.,19,.,.,.,_,2,punct
11317090,253,CONCLUSION,1,CONCLUSION,conclusion,NN,_,3,compound
11317090,254,Aquatic,2,Aquatic,aquatic,JJ,_,3,amod
11317090,255,exercise,3,exercise,exercise,NN,_,4,nsubj
11317090,256,exceeded,4,exceeded,exceed,VBD,_,0,ROOT
11317090,257,$,5,$,$,$,_,6,dep
11317090,258,"50,000",6,"50,000","50,000",CD,_,4,dobj
11317090,259,per,7,per,per,IN,_,8,case
11317090,260,QALY,8,QALY,qaly,NN,_,6,nmod
11317090,261,gained,9,gained,gain,VBD,_,4,dep
11317090,262,using,10,using,use,VBG,_,9,xcomp
11317090,263,the,11,the,the,DT,_,13,det
11317090,264,community-weighted,12,community-weighted,community-weighted,JJ,_,13,amod
11317090,265,outcome,13,outcome,outcome,NN,_,10,dobj
11317090,266,but,14,but,but,CC,_,4,cc
11317090,267,fell,15,fell,fall,VBD,_,4,conj
11317090,268,below,16,below,below,IN,_,20,case
11317090,269,this,17,this,this,DT,_,20,det
11317090,270,arbitrary,18,arbitrary,arbitrary,JJ,_,20,amod
11317090,271,budget,19,budget,budget,NN,_,20,compound
11317090,272,constraint,20,constraint,constraint,NN,_,15,nmod
11317090,273,when,21,when,when,WRB,_,22,advmod
11317090,274,using,22,using,use,VBG,_,15,advcl
11317090,275,the,23,the,the,DT,_,25,det
11317090,276,participant-weighted,24,participant-weighted,participant-weighted,JJ,_,25,amod
11317090,277,measure,25,measure,measure,NN,_,22,dobj
11317090,278,.,26,.,.,.,_,4,punct
11317090,279,Confidence,1,Confidence,confidence,NN,_,2,compound
11317090,280,intervals,2,intervals,interval,NNS,_,6,nsubj
11317090,281,around,3,around,around,IN,_,5,case
11317090,282,these,4,these,these,DT,_,5,det
11317090,283,ratios,5,ratios,ratio,NNS,_,2,nmod
11317090,284,suggested,6,suggested,suggest,VBD,_,0,ROOT
11317090,285,wide,7,wide,wide,JJ,_,8,amod
11317090,286,variability,8,variability,variability,NN,_,6,dobj
11317090,287,of,9,of,of,IN,_,11,case
11317090,288,cost,10,cost,cost,NN,_,11,compound
11317090,289,effectiveness,11,effectiveness,effectiveness,NN,_,8,nmod
11317090,290,of,12,of,of,IN,_,14,case
11317090,291,aquatic,13,aquatic,aquatic,JJ,_,14,amod
11317090,292,exercise,14,exercise,exercise,NN,_,11,nmod
11317090,293,.,15,.,.,.,_,6,punct
