doc,idx,Word_EBM,Sent_pos,Word,Lemma,UPOS,XPOS,HEAD,DEPREL
11956614,0,Endometrial,1,Endometrial,endometrial,JJ,_,2,amod
11956614,1,cytodiagnosis,2,cytodiagnosis,cytodiagnosis,NN,_,0,ROOT
11956614,2,using,3,using,use,VBG,_,2,acl
11956614,3,a,4,a,a,DT,_,6,det
11956614,4,new,5,new,new,JJ,_,6,amod
11956614,5,softcyte,6,softcyte,softcyte,JJ,_,3,dobj
11956614,6,versus,7,versus,versus,CC,_,6,cc
11956614,7,a,8,a,a,DT,_,10,det
11956614,8,conventional,9,conventional,conventional,JJ,_,10,amod
11956614,9,endocyte,10,endocyte,endocyte,NN,_,6,conj
11956614,10,.,11,.,.,.,_,2,punct
11956614,11,A,1,A,a,DT,_,6,det
11956614,12,new,2,new,new,JJ,_,6,amod
11956614,13,endometrial,3,endometrial,endometrial,JJ,_,6,amod
11956614,14,cytologic,4,cytologic,cytologic,JJ,_,6,amod
11956614,15,sampling,5,sampling,sampling,NN,_,6,compound
11956614,16,device,6,device,device,NN,_,11,nsubjpass
11956614,17,",",7,",",",",",",_,6,punct
11956614,18,softcyte,8,softcyte,softcyte,NN,_,6,appos
11956614,19,",",9,",",",",",",_,6,punct
11956614,20,was,10,was,be,VBD,_,11,auxpass
11956614,21,used,11,used,use,VBN,_,0,ROOT
11956614,22,in,12,in,in,IN,_,14,case
11956614,23,cytological,13,cytological,cytological,JJ,_,14,amod
11956614,24,screening,14,screening,screening,NN,_,11,nmod
11956614,25,for,15,for,for,IN,_,17,case
11956614,26,endometrial,16,endometrial,endometrial,JJ,_,17,amod
11956614,27,cancer,17,cancer,cancer,NN,_,14,nmod
11956614,28,",",18,",",",",",",_,11,punct
11956614,29,and,19,and,and,CC,_,11,cc
11956614,30,was,20,was,be,VBD,_,21,auxpass
11956614,31,compared,21,compared,compare,VBN,_,11,conj
11956614,32,with,22,with,with,IN,_,24,case
11956614,33,the,23,the,the,DT,_,24,det
11956614,34,endocyte,24,endocyte,endocyte,NN,_,21,nmod
11956614,35,with,25,with,with,IN,_,26,case
11956614,36,regard,26,regard,regard,NN,_,24,nmod
11956614,37,to,27,to,to,TO,_,28,case
11956614,38,manipulability,28,manipulability,manipulability,NN,_,26,nmod
11956614,39,",",29,",",",",",",_,21,punct
11956614,40,adverse,30,adverse,adverse,JJ,_,31,amod
11956614,41,effects,31,effects,effect,NNS,_,21,conj
11956614,42,(,32,-LRB-,-lrb-,-LRB-,_,34,punct
11956614,43,including,33,including,include,VBG,_,34,case
11956614,44,pain,34,pain,pain,NN,_,31,nmod
11956614,45,and,35,and,and,CC,_,34,cc
11956614,46,hemorrhage,36,hemorrhage,hemorrhage,NN,_,34,conj
11956614,47,),37,-RRB-,-rrb-,-RRB-,_,34,punct
11956614,48,",",38,",",",",",",_,21,punct
11956614,49,and,39,and,and,CC,_,21,cc
11956614,50,cellular,40,cellular,cellular,JJ,_,41,amod
11956614,51,findings,41,findings,finding,NNS,_,21,conj
11956614,52,(,42,-LRB-,-lrb-,-LRB-,_,45,punct
11956614,53,including,43,including,include,VBG,_,45,case
11956614,54,the,44,the,the,DT,_,45,det
11956614,55,quantity,45,quantity,quantity,NN,_,41,nmod
11956614,56,of,46,of,of,IN,_,47,case
11956614,57,cells,47,cells,cell,NNS,_,45,nmod
11956614,58,collected,48,collected,collect,VBN,_,47,acl
11956614,59,",",49,",",",",",",_,45,punct
11956614,60,the,50,the,the,DT,_,52,det
11956614,61,success,51,success,success,NN,_,52,compound
11956614,62,rate,52,rate,rate,NN,_,45,conj
11956614,63,",",53,",",",",",",_,45,punct
11956614,64,cell,54,cell,cell,NN,_,55,compound
11956614,65,freshness,55,freshness,freshness,NN,_,45,conj
11956614,66,",",56,",",",",",",_,45,punct
11956614,67,and,57,and,and,CC,_,45,cc
11956614,68,cellular,58,cellular,cellular,JJ,_,59,amod
11956614,69,clumping,59,clumping,clumping,NN,_,45,conj
11956614,70,),60,-RRB-,-rrb-,-RRB-,_,45,punct
11956614,71,.,61,.,.,.,_,11,punct
11956614,72,A,1,A,a,DT,_,2,det
11956614,73,total,2,total,total,NN,_,15,nsubjpass
11956614,74,of,3,of,of,IN,_,5,case
11956614,75,315,4,315,315,CD,_,5,nummod
11956614,76,women,5,women,woman,NNS,_,2,nmod
11956614,77,(,6,-LRB-,-lrb-,-LRB-,_,7,punct
11956614,78,premenopause,7,premenopause,premenopause,NN,_,5,dep
11956614,79,251,8,251,251,CD,_,7,nummod
11956614,80,",",9,",",",",",",_,7,punct
11956614,81,postmenopause,10,postmenopause,postmenopause,NN,_,7,appos
11956614,82,64,11,64,64,CD,_,10,nummod
11956614,83,),12,-RRB-,-rrb-,-RRB-,_,7,punct
11956614,84,were,13,were,be,VBD,_,15,auxpass
11956614,85,randomly,14,randomly,randomly,RB,_,15,advmod
11956614,86,assigned,15,assigned,assign,VBN,_,0,ROOT
11956614,87,to,16,to,to,TO,_,18,case
11956614,88,two,17,two,two,CD,_,18,nummod
11956614,89,groups,18,groups,group,NNS,_,15,nmod
11956614,90,who,19,who,who,WP,_,20,nsubj
11956614,91,underwent,20,underwent,undergo,VBD,_,18,acl:relcl
11956614,92,the,21,the,the,DT,_,24,det
11956614,93,endometrial,22,endometrial,endometrial,JJ,_,24,amod
11956614,94,cytological,23,cytological,cytological,JJ,_,24,amod
11956614,95,screening,24,screening,screening,NN,_,20,dobj
11956614,96,with,25,with,with,IN,_,28,case
11956614,97,either,26,either,either,CC,_,28,cc:preconj
11956614,98,the,27,the,the,DT,_,28,det
11956614,99,softcyte,28,softcyte,softcyte,NN,_,20,nmod
11956614,100,or,29,or,or,CC,_,28,cc
11956614,101,the,30,the,the,DT,_,31,det
11956614,102,endocyte,31,endocyte,endocyte,NN,_,28,conj
11956614,103,.,32,.,.,.,_,15,punct
11956614,104,To,1,To,to,TO,_,2,mark
11956614,105,assess,2,assess,assess,VB,_,0,ROOT
11956614,106,the,3,the,the,DT,_,4,det
11956614,107,value,4,value,value,NN,_,2,dobj
11956614,108,of,5,of,of,IN,_,7,case
11956614,109,the,6,the,the,DT,_,7,det
11956614,110,softcyte,7,softcyte,softcyte,NN,_,4,nmod
11956614,111,we,8,we,we,PRP,_,9,nsubj
11956614,112,compared,9,compared,compare,VBD,_,2,parataxis
11956614,113,it,10,it,it,PRP,_,9,dobj
11956614,114,with,11,with,with,IN,_,13,case
11956614,115,the,12,the,the,DT,_,13,det
11956614,116,endocyte,13,endocyte,endocyte,NN,_,9,nmod
11956614,117,.,14,.,.,.,_,2,punct
11956614,118,Endometrial,1,Endometrial,endometrial,JJ,_,2,amod
11956614,119,cytology,2,cytology,cytology,NN,_,9,nsubj
11956614,120,using,3,using,use,VBG,_,2,acl
11956614,121,a,4,a,a,DT,_,5,det
11956614,122,softcyte,5,softcyte,softcyte,NN,_,3,dobj
11956614,123,or,6,or,or,CC,_,5,cc
11956614,124,an,7,an,a,DT,_,8,det
11956614,125,endocyte,8,endocyte,endocyte,NN,_,5,conj
11956614,126,achieved,9,achieved,achieve,VBD,_,0,ROOT
11956614,127,high,10,high,high,JJ,_,13,amod
11956614,128,correct,11,correct,correct,JJ,_,13,amod
11956614,129,diagnosis,12,diagnosis,diagnosis,NN,_,13,compound
11956614,130,rate,13,rate,rate,NN,_,9,dobj
11956614,131,for,14,for,for,IN,_,15,case
11956614,132,cancer,15,cancer,cancer,NN,_,13,nmod
11956614,133,",",16,",",",",",",_,9,punct
11956614,134,and,17,and,and,CC,_,9,cc
11956614,135,both,18,both,both,DT,_,19,det
11956614,136,instruments,19,instruments,instrument,NNS,_,21,nsubj
11956614,137,are,20,are,be,VBP,_,21,cop
11956614,138,valuable,21,valuable,valuable,JJ,_,9,conj
11956614,139,as,22,as,as,IN,_,26,case
11956614,140,endometrial,23,endometrial,endometrial,JJ,_,26,amod
11956614,141,cytologic,24,cytologic,cytologic,JJ,_,26,amod
11956614,142,sample,25,sample,sample,NN,_,26,compound
11956614,143,devices,26,devices,device,NNS,_,21,nmod
11956614,144,.,27,.,.,.,_,9,punct
11956614,145,The,1,The,the,DT,_,3,det
11956614,146,softcyte,2,softcyte,softcyte,JJ,_,3,amod
11956614,147,causes,3,causes,cause,NNS,_,21,nsubjpass
11956614,148,only,4,only,only,RB,_,6,advmod
11956614,149,mild,5,mild,mild,JJ,_,6,amod
11956614,150,pain,6,pain,pain,NN,_,21,nsubjpass
11956614,151,on,7,on,on,IN,_,8,case
11956614,152,introduction,8,introduction,introduction,NN,_,6,nmod
11956614,153,and,9,and,and,CC,_,6,cc
11956614,154,during,10,during,during,IN,_,11,case
11956614,155,collection,11,collection,collection,NN,_,6,conj
11956614,156,",",12,",",",",",",_,6,punct
11956614,157,and,13,and,and,CC,_,6,cc
11956614,158,a,14,a,a,DT,_,16,det
11956614,159,large,15,large,large,JJ,_,16,amod
11956614,160,quantity,16,quantity,quantity,NN,_,6,conj
11956614,161,of,17,of,of,IN,_,18,case
11956614,162,cells,18,cells,cell,NNS,_,16,nmod
11956614,163,could,19,could,could,MD,_,21,aux
11956614,164,be,20,be,be,VB,_,21,auxpass
11956614,165,harvested,21,harvested,harvest,VBN,_,0,ROOT
11956614,166,.,22,.,.,.,_,21,punct
11956614,167,These,1,These,these,DT,_,2,det
11956614,168,results,2,results,result,NNS,_,3,nsubj
11956614,169,suggest,3,suggest,suggest,VBP,_,0,ROOT
11956614,170,that,4,that,that,IN,_,12,mark
11956614,171,the,5,the,the,DT,_,6,det
11956614,172,softcyte,6,softcyte,softcyte,NN,_,12,nsubj
11956614,173,is,7,is,be,VBZ,_,12,cop
11956614,174,a,8,a,a,DT,_,12,det
11956614,175,useful,9,useful,useful,JJ,_,12,amod
11956614,176,cytologic,10,cytologic,cytologic,JJ,_,12,amod
11956614,177,sampling,11,sampling,sampling,NN,_,12,compound
11956614,178,device,12,device,device,NN,_,3,ccomp
11956614,179,in,13,in,in,IN,_,14,mark
11956614,180,screening,14,screening,screen,VBG,_,12,acl
11956614,181,for,15,for,for,IN,_,17,case
11956614,182,endometrial,16,endometrial,endometrial,JJ,_,17,amod
11956614,183,cancer,17,cancer,cancer,NN,_,14,nmod
11956614,184,.,18,.,.,.,_,3,punct
