doc,idx,Word_EBM,Sent_pos,Word,Lemma,UPOS,XPOS,HEAD,DEPREL
12243889,0,Treatment,1,Treatment,treatment,NN,_,0,ROOT
12243889,1,of,2,of,of,IN,_,5,case
12243889,2,canine,3,canine,canine,JJ,_,5,amod
12243889,3,parvoviral,4,parvoviral,parvoviral,JJ,_,5,amod
12243889,4,enteritis,5,enteritis,enteritis,NN,_,1,nmod
12243889,5,with,6,with,with,IN,_,7,case
12243889,6,interferon-omega,7,interferon-omega,interferon-omega,JJ,_,1,nmod
12243889,7,in,8,in,in,IN,_,12,case
12243889,8,a,9,a,a,DT,_,12,det
12243889,9,placebo-controlled,10,placebo-controlled,placebo-controlled,JJ,_,12,amod
12243889,10,challenge,11,challenge,challenge,NN,_,12,compound
12243889,11,trial,12,trial,trial,NN,_,1,nmod
12243889,12,.,13,.,.,.,_,1,punct
12243889,13,Canine,1,Canine,canine,NN,_,3,compound
12243889,14,parvoviral,2,parvoviral,parvoviral,JJ,_,3,amod
12243889,15,enteritis,3,enteritis,enteritis,NN,_,4,nsubj
12243889,16,continues,4,continues,continue,VBZ,_,0,ROOT
12243889,17,to,5,to,to,TO,_,6,mark
12243889,18,cause,6,cause,cause,VB,_,4,xcomp
12243889,19,significant,7,significant,significant,JJ,_,8,amod
12243889,20,morbidity,8,morbidity,morbidity,NN,_,6,dobj
12243889,21,and,9,and,and,CC,_,8,cc
12243889,22,mortality,10,mortality,mortality,NN,_,8,conj
12243889,23,in,11,in,in,IN,_,12,case
12243889,24,dogs,12,dogs,dog,NNS,_,8,nmod
12243889,25,worldwide,13,worldwide,worldwide,RB,_,12,advmod
12243889,26,",",14,",",",",",",_,4,punct
12243889,27,and,15,and,and,CC,_,4,cc
12243889,28,efficacious,16,efficacious,efficacious,JJ,_,18,amod
12243889,29,antiviral,17,antiviral,antiviral,JJ,_,18,amod
12243889,30,therapies,18,therapies,therapy,NNS,_,20,nsubj
12243889,31,are,19,are,be,VBP,_,20,aux
12243889,32,lacking,20,lacking,lack,VBG,_,4,conj
12243889,33,.,21,.,.,.,_,4,punct
12243889,34,The,1,The,the,DT,_,3,det
12243889,35,present,2,present,present,JJ,_,3,amod
12243889,36,trial,3,trial,trial,NN,_,5,nsubjpass
12243889,37,was,4,was,be,VBD,_,5,auxpass
12243889,38,aimed,5,aimed,aim,VBN,_,0,ROOT
12243889,39,at,6,at,at,IN,_,7,mark
12243889,40,evaluating,7,evaluating,evaluate,VBG,_,5,advcl
12243889,41,the,8,the,the,DT,_,10,det
12243889,42,therapeutic,9,therapeutic,therapeutic,JJ,_,10,amod
12243889,43,efficacy,10,efficacy,efficacy,NN,_,7,dobj
12243889,44,of,11,of,of,IN,_,15,case
12243889,45,a,12,a,a,DT,_,15,det
12243889,46,recombinant,13,recombinant,recombinant,JJ,_,15,amod
12243889,47,feline,14,feline,feline,JJ,_,15,amod
12243889,48,interferon,15,interferon,interferon,NN,_,10,nmod
12243889,49,(,16,-LRB-,-lrb-,-LRB-,_,18,punct
12243889,50,type,17,type,type,NN,_,18,compound
12243889,51,omega,18,omega,omega,NN,_,15,appos
12243889,52,),19,-RRB-,-rrb-,-RRB-,_,18,punct
12243889,53,preparation,20,preparation,preparation,NN,_,15,acl
12243889,54,in,21,in,in,IN,_,23,case
12243889,55,the,22,the,the,DT,_,23,det
12243889,56,treatment,23,treatment,treatment,NN,_,20,nmod
12243889,57,of,24,of,of,IN,_,26,case
12243889,58,parvoviral,25,parvoviral,parvoviral,JJ,_,26,amod
12243889,59,enteritis,26,enteritis,enteritis,NN,_,23,nmod
12243889,60,in,27,in,in,IN,_,28,case
12243889,61,dogs,28,dogs,dog,NNS,_,26,nmod
12243889,62,.,29,.,.,.,_,5,punct
12243889,63,A,1,A,a,DT,_,6,det
12243889,64,double-blind,2,double-blind,double-blind,JJ,_,6,amod
12243889,65,",",3,",",",",",",_,6,punct
12243889,66,placebo-controlled,4,placebo-controlled,placebo-controlled,JJ,_,6,amod
12243889,67,challenge,5,challenge,challenge,NN,_,6,compound
12243889,68,trial,6,trial,trial,NN,_,8,nsubjpass
12243889,69,was,7,was,be,VBD,_,8,auxpass
12243889,70,performed,8,performed,perform,VBN,_,0,ROOT
12243889,71,in,9,in,in,IN,_,11,case
12243889,72,beagle,10,beagle,beagle,NN,_,11,compound
12243889,73,pups,11,pups,pup,NNS,_,8,nmod
12243889,74,(,12,-LRB-,-lrb-,-LRB-,_,14,punct
12243889,75,8-9,13,8-9,8-9,CD,_,14,nummod
12243889,76,weeks,14,weeks,week,NNS,_,11,appos
12243889,77,),15,-RRB-,-rrb-,-RRB-,_,14,punct
12243889,78,;,16,;,;,:,_,8,punct
12243889,79,clinical,17,clinical,clinical,JJ,_,18,amod
12243889,80,signs,18,signs,sign,NNS,_,29,nsubjpass
12243889,81,",",19,",",",",",",_,18,punct
12243889,82,body,20,body,body,NN,_,21,compound
12243889,83,weight,21,weight,weight,NN,_,18,conj
12243889,84,",",22,",",",",",",_,18,punct
12243889,85,hematologic,23,hematologic,hematologic,JJ,_,24,amod
12243889,86,parameters,24,parameters,parameter,NNS,_,18,conj
12243889,87,",",25,",",",",",",_,18,punct
12243889,88,and,26,and,and,CC,_,18,cc
12243889,89,mortality,27,mortality,mortality,NN,_,18,conj
12243889,90,were,28,were,be,VBD,_,29,auxpass
12243889,91,monitored,29,monitored,monitor,VBN,_,8,parataxis
12243889,92,for,30,for,for,IN,_,32,case
12243889,93,a,31,a,a,DT,_,32,det
12243889,94,period,32,period,period,NN,_,29,nmod
12243889,95,of,33,of,of,IN,_,35,case
12243889,96,14,34,14,14,CD,_,35,nummod
12243889,97,days,35,days,day,NNS,_,32,nmod
12243889,98,after,36,after,after,IN,_,37,case
12243889,99,challenge,37,challenge,challenge,NN,_,29,nmod
12243889,100,.,38,.,.,.,_,8,punct
12243889,101,Fourteen,1,Fourteen,fourteen,CD,_,2,nummod
12243889,102,animals,2,animals,animal,NNS,_,4,nsubjpass
12243889,103,were,3,were,be,VBD,_,4,auxpass
12243889,104,inoculated,4,inoculated,inoculate,VBN,_,0,ROOT
12243889,105,with,5,with,with,IN,_,8,case
12243889,106,virulent,6,virulent,virulent,JJ,_,8,amod
12243889,107,canine,7,canine,canine,JJ,_,8,amod
12243889,108,parvovirus,8,parvovirus,parvovirus,NN,_,4,nmod
12243889,109,;,9,;,;,:,_,4,punct
12243889,110,10,10,10,10,CD,_,11,nummod
12243889,111,animals,11,animals,animal,NNS,_,22,nsubjpass
12243889,112,that,12,that,that,WDT,_,13,nsubj
12243889,113,developed,13,developed,develop,VBD,_,11,acl:relcl
12243889,114,clinical,14,clinical,clinical,JJ,_,15,amod
12243889,115,signs,15,signs,sign,NNS,_,13,dobj
12243889,116,thereby,16,thereby,thereby,RB,_,17,advmod
12243889,117,meeting,17,meeting,meet,VBG,_,13,advcl
12243889,118,the,18,the,the,DT,_,20,det
12243889,119,inclusion,19,inclusion,inclusion,NN,_,20,compound
12243889,120,criteria,20,criteria,criterion,NNS,_,17,dobj
12243889,121,were,21,were,be,VBD,_,22,auxpass
12243889,122,admitted,22,admitted,admit,VBN,_,4,parataxis
12243889,123,to,23,to,to,TO,_,26,case
12243889,124,the,24,the,the,DT,_,26,det
12243889,125,treatment,25,treatment,treatment,NN,_,26,compound
12243889,126,phase,26,phase,phase,NN,_,22,nmod
12243889,127,in,27,in,in,IN,_,31,case
12243889,128,two,28,two,two,CD,_,31,nummod
12243889,129,randomly,29,randomly,randomly,RB,_,30,advmod
12243889,130,selected,30,selected,select,VBN,_,31,amod
12243889,131,groups,31,groups,group,NNS,_,22,nmod
12243889,132,(,32,-LRB-,-lrb-,-LRB-,_,33,punct
12243889,133,placebo,33,placebo,placebo,NN,_,31,dep
12243889,134,and,34,and,and,CC,_,33,cc
12243889,135,IFN,35,IFN,ifn,NN,_,33,conj
12243889,136,),36,-RRB-,-rrb-,-RRB-,_,33,punct
12243889,137,of,37,of,of,IN,_,39,case
12243889,138,equal,38,equal,equal,JJ,_,39,amod
12243889,139,size,39,size,size,NN,_,31,nmod
12243889,140,.,40,.,.,.,_,4,punct
12243889,141,The,1,The,the,DT,_,3,det
12243889,142,IFN,2,IFN,ifn,NN,_,3,compound
12243889,143,group,3,group,group,NN,_,4,nsubj
12243889,144,received,4,received,receive,VBD,_,0,ROOT
12243889,145,daily,5,daily,daily,JJ,_,7,amod
12243889,146,intravenous,6,intravenous,intravenous,JJ,_,7,amod
12243889,147,injections,7,injections,injection,NNS,_,4,dobj
12243889,148,of,8,of,of,IN,_,9,case
12243889,149,rFeIFN-omega,9,rFeIFN-omega,rfeifn-omega,NN,_,7,nmod
12243889,150,(,10,-LRB-,-lrb-,-LRB-,_,12,punct
12243889,151,2.5,11,2.5,2.5,CD,_,12,nummod
12243889,152,MU/kg,12,MU/kg,mu/kg,NN,_,9,appos
12243889,153,),13,-RRB-,-rrb-,-RRB-,_,12,punct
12243889,154,for,14,for,for,IN,_,17,case
12243889,155,three,15,three,three,CD,_,17,nummod
12243889,156,consecutive,16,consecutive,consecutive,JJ,_,17,amod
12243889,157,days,17,days,day,NNS,_,4,nmod
12243889,158,.,18,.,.,.,_,4,punct
12243889,159,The,1,The,the,DT,_,3,det
12243889,160,placebo,2,placebo,placebo,NN,_,3,compound
12243889,161,group,3,group,group,NN,_,4,nsubj
12243889,162,received,4,received,receive,VBD,_,0,ROOT
12243889,163,daily,5,daily,daily,JJ,_,6,amod
12243889,164,injections,6,injections,injection,NNS,_,4,dobj
12243889,165,of,7,of,of,IN,_,8,case
12243889,166,saline,8,saline,saline,NN,_,6,nmod
12243889,167,without,9,without,without,IN,_,10,case
12243889,168,IFN,10,IFN,ifn,NN,_,4,nmod
12243889,169,.,11,.,.,.,_,4,punct
12243889,170,Both,1,Both,both,DT,_,2,det
12243889,171,groups,2,groups,group,NNS,_,5,nsubj
12243889,172,of,3,of,of,IN,_,4,case
12243889,173,animals,4,animals,animal,NNS,_,2,nmod
12243889,174,received,5,received,receive,VBD,_,0,ROOT
12243889,175,individual,6,individual,individual,JJ,_,8,amod
12243889,176,supportive,7,supportive,supportive,JJ,_,8,amod
12243889,177,treatment,8,treatment,treatment,NN,_,5,dobj
12243889,178,consisting,9,consisting,consist,VBG,_,8,acl
12243889,179,of,10,of,of,IN,_,12,case
12243889,180,adjusted,11,adjusted,adjust,VBN,_,12,amod
12243889,181,diet,12,diet,diet,NN,_,9,nmod
12243889,182,and,13,and,and,CC,_,12,cc
12243889,183,electrolyte,14,electrolyte,electrolyte,NN,_,15,compound
12243889,184,solution,15,solution,solution,NN,_,12,conj
12243889,185,.,16,.,.,.,_,5,punct
12243889,186,All,1,All,all,DT,_,3,det
12243889,187,five,2,five,five,CD,_,3,nummod
12243889,188,dogs,3,dogs,dog,NNS,_,8,nsubj
12243889,189,in,4,in,in,IN,_,7,case
12243889,190,the,5,the,the,DT,_,7,det
12243889,191,placebo,6,placebo,placebo,NN,_,7,compound
12243889,192,group,7,group,group,NN,_,3,nmod
12243889,193,developed,8,developed,develop,VBD,_,0,ROOT
12243889,194,fulminating,9,fulminating,fulminate,VBG,_,8,xcomp
12243889,195,enteritis,10,enteritis,enteritis,NN,_,9,dobj
12243889,196,with,11,with,with,IN,_,14,case
12243889,197,typical,12,typical,typical,JJ,_,14,amod
12243889,198,clinical,13,clinical,clinical,JJ,_,14,amod
12243889,199,signs,14,signs,sign,NNS,_,9,nmod
12243889,200,and,15,and,and,CC,_,8,cc
12243889,201,died,16,died,die,VBD,_,8,conj
12243889,202,within,17,within,within,IN,_,19,case
12243889,203,10,18,10,10,CD,_,19,nummod
12243889,204,days,19,days,day,NNS,_,16,nmod
12243889,205,post-inoculation,20,post-inoculation,post-inoculation,JJ,_,19,amod
12243889,206,(,21,-LRB-,-lrb-,-LRB-,_,25,punct
12243889,207,or,22,or,or,CC,_,25,cc
12243889,208,6,23,6,6,CD,_,24,nummod
12243889,209,days,24,days,day,NNS,_,25,nmod:npmod
12243889,210,post-treatment,25,post-treatment,post-treatment,JJ,_,20,dep
12243889,211,),26,-RRB-,-rrb-,-RRB-,_,25,punct
12243889,212,.,27,.,.,.,_,8,punct
12243889,213,In,1,In,in,IN,_,4,case
12243889,214,the,2,the,the,DT,_,4,det
12243889,215,IFN-treated,3,IFN-treated,ifn-treated,JJ,_,4,amod
12243889,216,group,4,group,group,NN,_,8,nmod
12243889,217,",",5,",",",",",",_,8,punct
12243889,218,one,6,one,one,CD,_,7,nummod
12243889,219,animal,7,animal,animal,NN,_,8,nsubj
12243889,220,died,8,died,die,VBD,_,0,ROOT
12243889,221,on,9,on,on,IN,_,10,case
12243889,222,day,10,day,day,NN,_,8,nmod
12243889,223,2,11,2,2,CD,_,10,nummod
12243889,224,after,12,after,after,IN,_,16,mark
12243889,225,the,13,the,the,DT,_,14,det
12243889,226,treatment,14,treatment,treatment,NN,_,16,nsubjpass
12243889,227,was,15,was,be,VBD,_,16,auxpass
12243889,228,started,16,started,start,VBN,_,8,advcl
12243889,229,",",17,",",",",",",_,8,punct
12243889,230,whereas,18,whereas,whereas,IN,_,8,dep
12243889,231,the,19,the,the,DT,_,22,det
12243889,232,other,20,other,other,JJ,_,22,amod
12243889,233,four,21,four,four,CD,_,22,nummod
12243889,234,dogs,22,dogs,dog,NNS,_,23,nsubj
12243889,235,survived,23,survived,survive,VBD,_,8,parataxis
12243889,236,the,24,the,the,DT,_,25,det
12243889,237,challenge,25,challenge,challenge,NN,_,23,dobj
12243889,238,and,26,and,and,CC,_,23,cc
12243889,239,gradually,27,gradually,gradually,RB,_,28,advmod
12243889,240,recovered,28,recovered,recover,VBD,_,23,conj
12243889,241,.,29,.,.,.,_,8,punct
12243889,242,Our,1,Our,we,PRP$,_,2,nmod:poss
12243889,243,data,2,data,datum,NNS,_,3,nsubj
12243889,244,confirm,3,confirm,confirm,VBP,_,0,ROOT
12243889,245,that,4,that,that,IN,_,8,mark
12243889,246,the,5,the,the,DT,_,6,det
12243889,247,rFeIFN-omega,6,rFeIFN-omega,rfeifn-omega,NN,_,8,nsubj
12243889,248,can,7,can,can,MD,_,8,aux
12243889,249,exert,8,exert,exert,VB,_,3,ccomp
12243889,250,a,9,a,a,DT,_,12,det
12243889,251,significant,10,significant,significant,JJ,_,12,amod
12243889,252,therapeutic,11,therapeutic,therapeutic,JJ,_,10,dep
12243889,253,effect,12,effect,effect,NN,_,8,dobj
12243889,254,on,13,on,on,IN,_,14,case
12243889,255,dogs,14,dogs,dog,NNS,_,12,nmod
12243889,256,with,15,with,with,IN,_,17,case
12243889,257,parvoviral,16,parvoviral,parvoviral,JJ,_,17,amod
12243889,258,enteritis,17,enteritis,enteritis,NN,_,14,nmod
12243889,259,by,18,by,by,IN,_,19,mark
12243889,260,improving,19,improving,improve,VBG,_,8,advcl
12243889,261,clinical,20,clinical,clinical,JJ,_,21,amod
12243889,262,signs,21,signs,sign,NNS,_,19,dobj
12243889,263,and,22,and,and,CC,_,19,cc
12243889,264,reducing,23,reducing,reduce,VBG,_,19,conj
12243889,265,mortality,24,mortality,mortality,NN,_,23,dobj
12243889,266,.,25,.,.,.,_,3,punct
