doc,idx,Word_EBM,Sent_pos,Word,Lemma,UPOS,XPOS,HEAD,DEPREL
12271298,0,Efficacy,1,Efficacy,efficacy,NN,_,0,ROOT
12271298,1,of,2,of,of,IN,_,3,case
12271298,2,erbium,3,erbium,erbium,NN,_,1,nmod
12271298,3,:,4,:,:,:,_,1,punct
12271298,4,yttrium-aluminum-garnet,5,yttrium-aluminum-garnet,yttrium-aluminum-garnet,NN,_,7,compound
12271298,5,laser-assisted,6,laser-assisted,laser-assisted,JJ,_,7,amod
12271298,6,delivery,7,delivery,delivery,NN,_,1,dep
12271298,7,of,8,of,of,IN,_,10,case
12271298,8,topical,9,topical,topical,JJ,_,10,amod
12271298,9,anesthetic,10,anesthetic,anesthetic,NN,_,7,nmod
12271298,10,.,11,.,.,.,_,1,punct
12271298,11,BACKGROUND,1,BACKGROUND,background,NN,_,2,compound
12271298,12,Penetration,2,Penetration,penetration,NN,_,0,ROOT
12271298,13,through,3,through,through,IN,_,8,case
12271298,14,the,4,the,the,DT,_,8,det
12271298,15,stratum,5,stratum,stratum,NN,_,8,compound
12271298,16,corneum,6,corneum,corneum,NN,_,8,compound
12271298,17,limits,7,limits,limit,NNS,_,8,compound
12271298,18,effectiveness,8,effectiveness,effectiveness,NN,_,2,nmod
12271298,19,of,9,of,of,IN,_,11,case
12271298,20,topical,10,topical,topical,JJ,_,11,amod
12271298,21,anesthetics,11,anesthetics,anesthetic,NNS,_,8,nmod
12271298,22,.,12,.,.,.,_,2,punct
12271298,23,OBJECTIVE,1,OBJECTIVE,objective,NN,_,3,compound
12271298,24,Our,2,Our,we,PRP$,_,3,nmod:poss
12271298,25,aim,3,aim,aim,NN,_,4,nsubj
12271298,26,was,4,was,be,VBD,_,0,ROOT
12271298,27,to,5,to,to,TO,_,6,mark
12271298,28,evaluate,6,evaluate,evaluate,VB,_,4,xcomp
12271298,29,the,7,the,the,DT,_,8,det
12271298,30,effectiveness,8,effectiveness,effectiveness,NN,_,6,dobj
12271298,31,of,9,of,of,IN,_,12,case
12271298,32,5,10,5,5,CD,_,11,compound
12271298,33,%,11,%,%,NN,_,12,amod
12271298,34,lidocaine,12,lidocaine,lidocaine,NN,_,8,nmod
12271298,35,(,13,-LRB-,-lrb-,-LRB-,_,14,punct
12271298,36,ELA-Max,14,ELA-Max,ela-max,NN,_,12,appos
12271298,37,),15,-RRB-,-rrb-,-RRB-,_,14,punct
12271298,38,cream,16,cream,cream,NN,_,12,dep
12271298,39,applied,17,applied,apply,VBN,_,16,acl
12271298,40,after,18,after,after,IN,_,19,case
12271298,41,erbium,19,erbium,erbium,NN,_,17,nmod
12271298,42,:,20,:,:,:,_,8,punct
12271298,43,yttrium-aluminum-garnet,21,yttrium-aluminum-garnet,yttrium-aluminum-garnet,NN,_,28,compound
12271298,44,(,22,-LRB-,-lrb-,-LRB-,_,23,punct
12271298,45,Er,23,Er,er,NN,_,21,dep
12271298,46,:,24,:,:,:,_,23,punct
12271298,47,YAG,25,YAG,yag,NN,_,23,dep
12271298,48,),26,-RRB-,-rrb-,-RRB-,_,23,punct
12271298,49,laser,27,laser,laser,NN,_,28,compound
12271298,50,ablation,28,ablation,ablation,NN,_,8,dep
12271298,51,of,29,of,of,IN,_,32,case
12271298,52,the,30,the,the,DT,_,32,det
12271298,53,stratum,31,stratum,stratum,NN,_,32,compound
12271298,54,corneum,32,corneum,corneum,NN,_,28,nmod
12271298,55,.,33,.,.,.,_,4,punct
12271298,56,METHODS,1,METHODS,method,NNS,_,0,ROOT
12271298,57,Randomized,2,Randomized,randomize,VBN,_,1,acl
12271298,58,",",3,",",",",",",_,2,punct
12271298,59,controlled,4,controlled,control,VBN,_,2,conj
12271298,60,",",5,",",",",",",_,2,punct
12271298,61,split-face,6,split-face,split-face,JJ,_,7,amod
12271298,62,comparison,7,comparison,comparison,NN,_,11,nsubjpass
12271298,63,of,8,of,of,IN,_,9,case
12271298,64,anesthesia,9,anesthesia,anesthesia,NN,_,7,nmod
12271298,65,was,10,was,be,VBD,_,11,auxpass
12271298,66,performed,11,performed,perform,VBN,_,2,parataxis
12271298,67,on,12,on,on,IN,_,14,case
12271298,68,12,13,12,12,CD,_,14,nummod
12271298,69,volunteers,14,volunteers,volunteer,NNS,_,11,nmod
12271298,70,.,15,.,.,.,_,1,punct
12271298,71,The,1,The,the,DT,_,3,det
12271298,72,stratum,2,stratum,stratum,NN,_,3,compound
12271298,73,corneum,3,corneum,corneum,NN,_,6,nsubjpass
12271298,74,was,4,was,be,VBD,_,6,auxpass
12271298,75,painlessly,5,painlessly,painlessly,RB,_,6,advmod
12271298,76,ablated,6,ablated,ablate,VBN,_,0,ROOT
12271298,77,with,7,with,with,IN,_,10,case
12271298,78,a,8,a,a,DT,_,10,det
12271298,79,low-fluence,9,low-fluence,low-fluence,JJ,_,10,amod
12271298,80,Er,10,Er,er,NN,_,6,nmod
12271298,81,:,11,:,:,:,_,10,punct
12271298,82,YAG,12,YAG,yag,NN,_,13,compound
12271298,83,laser,13,laser,laser,NN,_,25,nsubjpass
12271298,84,on,14,on,on,IN,_,15,case
12271298,85,half,15,half,half,NN,_,13,nmod
12271298,86,of,16,of,of,IN,_,18,case
12271298,87,the,17,the,the,DT,_,18,det
12271298,88,face,18,face,face,NN,_,15,nmod
12271298,89,",",19,",",",",",",_,13,punct
12271298,90,then,20,then,then,RB,_,23,advmod
12271298,91,the,21,the,the,DT,_,23,det
12271298,92,whole,22,whole,whole,JJ,_,23,amod
12271298,93,face,23,face,face,NN,_,13,appos
12271298,94,was,24,was,be,VBD,_,25,auxpass
12271298,95,covered,25,covered,cover,VBN,_,10,dep
12271298,96,with,26,with,with,IN,_,28,case
12271298,97,ELA-Max,27,ELA-Max,ela-max,NN,_,28,compound
12271298,98,cream,28,cream,cream,NN,_,25,nmod
12271298,99,for,29,for,for,IN,_,31,case
12271298,100,60,30,60,60,CD,_,31,nummod
12271298,101,minutes,31,minutes,minute,NNS,_,25,nmod
12271298,102,.,32,.,.,.,_,6,punct
12271298,103,Full-face,1,Full-face,full-face,JJ,_,3,amod
12271298,104,laser,2,laser,laser,NN,_,3,compound
12271298,105,resurfacing,3,resurfacing,resurfacing,NN,_,5,nsubjpass
12271298,106,was,4,was,be,VBD,_,5,auxpass
12271298,107,performed,5,performed,perform,VBN,_,0,ROOT
12271298,108,",",6,",",",",",",_,5,punct
12271298,109,and,7,and,and,CC,_,5,cc
12271298,110,visual,8,visual,visual,JJ,_,11,amod
12271298,111,analog,9,analog,analog,NN,_,11,compound
12271298,112,pain,10,pain,pain,NN,_,11,compound
12271298,113,scores,11,scores,score,NNS,_,18,nsubjpass
12271298,114,(,12,-LRB-,-lrb-,-LRB-,_,15,punct
12271298,115,0,13,0,0,CD,_,15,nummod
12271298,116,to,14,to,to,TO,_,15,dep
12271298,117,10,15,10,10,CD,_,11,appos
12271298,118,),16,-RRB-,-rrb-,-RRB-,_,15,punct
12271298,119,were,17,were,be,VBD,_,18,auxpass
12271298,120,recorded,18,recorded,record,VBN,_,5,conj
12271298,121,during,19,during,during,IN,_,20,case
12271298,122,each,20,each,each,DT,_,18,nmod
12271298,123,of,21,of,of,IN,_,23,case
12271298,124,2,22,2,2,CD,_,23,nummod
12271298,125,passes,23,passes,pass,NNS,_,20,nmod
12271298,126,.,24,.,.,.,_,5,punct
12271298,127,RESULTS,1,RESULTS,result,NNS,_,4,compound
12271298,128,Laser-assisted,2,Laser-assisted,laser-assisted,JJ,_,4,amod
12271298,129,topical,3,topical,topical,JJ,_,4,amod
12271298,130,anesthesia,4,anesthesia,anesthesia,NN,_,5,nsubj
12271298,131,demonstrated,5,demonstrated,demonstrate,VBD,_,0,ROOT
12271298,132,significantly,6,significantly,significantly,RB,_,7,advmod
12271298,133,lower,7,lower,lower,JJR,_,10,amod
12271298,134,mean,8,mean,mean,NN,_,10,compound
12271298,135,pain,9,pain,pain,NN,_,10,compound
12271298,136,scores,10,scores,score,NNS,_,5,dobj
12271298,137,than,11,than,than,IN,_,13,case
12271298,138,topical,12,topical,topical,JJ,_,13,amod
12271298,139,anesthesia,13,anesthesia,anesthesia,NN,_,10,nmod
12271298,140,alone,14,alone,alone,RB,_,13,advmod
12271298,141,.,15,.,.,.,_,5,punct
12271298,142,This,1,This,this,DT,_,4,nsubj
12271298,143,was,2,was,be,VBD,_,4,cop
12271298,144,more,3,more,more,RBR,_,4,advmod
12271298,145,pronounced,4,pronounced,pronounced,JJ,_,0,ROOT
12271298,146,during,5,during,during,IN,_,10,case
12271298,147,the,6,the,the,DT,_,10,det
12271298,148,more,7,more,more,RBR,_,8,advmod
12271298,149,painful,8,painful,painful,JJ,_,10,amod
12271298,150,second,9,second,second,JJ,_,10,amod
12271298,151,pass,10,pass,pass,NN,_,4,nmod
12271298,152,.,11,.,.,.,_,4,punct
12271298,153,Resurfacing,1,Resurfacing,resurface,VBG,_,8,nsubjpass
12271298,154,after,2,after,after,IN,_,5,case
12271298,155,laser-assisted,3,laser-assisted,laser-assisted,JJ,_,5,amod
12271298,156,topical,4,topical,topical,JJ,_,5,amod
12271298,157,anesthesia,5,anesthesia,anesthesia,NN,_,1,nmod
12271298,158,was,6,was,be,VBD,_,8,auxpass
12271298,159,well,7,well,well,RB,_,8,advmod
12271298,160,tolerated,8,tolerated,tolerate,VBN,_,0,ROOT
12271298,161,by,9,by,by,IN,_,11,case
12271298,162,72,10,72,72,CD,_,11,nummod
12271298,163,%,11,%,%,NN,_,8,nmod
12271298,164,of,12,of,of,IN,_,13,case
12271298,165,subjects,13,subjects,subject,NNS,_,11,nmod
12271298,166,in,14,in,in,IN,_,15,case
12271298,167,pass,15,pass,pass,NN,_,8,nmod
12271298,168,1,16,1,1,CD,_,15,nummod
12271298,169,and,17,and,and,CC,_,15,cc
12271298,170,58,18,58,58,CD,_,19,nummod
12271298,171,%,19,%,%,NN,_,15,conj
12271298,172,in,20,in,in,IN,_,21,case
12271298,173,pass,21,pass,pass,NN,_,15,nmod
12271298,174,2,22,2,2,CD,_,21,nummod
12271298,175,.,23,.,.,.,_,8,punct
12271298,176,CONCLUSION,1,CONCLUSION,conclusion,NN,_,4,compound
12271298,177,Laser-assisted,2,Laser-assisted,laser-assisted,JJ,_,4,amod
12271298,178,topical,3,topical,topical,JJ,_,4,amod
12271298,179,anesthesia,4,anesthesia,anesthesia,NN,_,8,nsubj
12271298,180,is,5,is,be,VBZ,_,8,cop
12271298,181,fast,6,fast,fast,RB,_,8,advmod
12271298,182,",",7,",",",",",",_,8,punct
12271298,183,painless,8,painless,painless,JJ,_,0,ROOT
12271298,184,",",9,",",",",",",_,8,punct
12271298,185,and,10,and,and,CC,_,8,cc
12271298,186,substantially,11,substantially,substantially,RB,_,13,advmod
12271298,187,more,12,more,more,RBR,_,13,advmod
12271298,188,effective,13,effective,effective,JJ,_,8,conj
12271298,189,than,14,than,than,IN,_,17,case
12271298,190,conventional,15,conventional,conventional,JJ,_,17,amod
12271298,191,topical,16,topical,topical,JJ,_,17,amod
12271298,192,anesthesia,17,anesthesia,anesthesia,NN,_,13,nmod
12271298,193,but,18,but,but,CC,_,13,cc
12271298,194,does,19,does,do,VBZ,_,21,aux
12271298,195,not,20,not,not,RB,_,21,neg
12271298,196,provide,21,provide,provide,VB,_,13,conj
12271298,197,adequate,22,adequate,adequate,JJ,_,23,amod
12271298,198,anesthesia,23,anesthesia,anesthesia,NN,_,21,dobj
12271298,199,for,24,for,for,IN,_,26,case
12271298,200,full-face,25,full-face,full-face,JJ,_,26,amod
12271298,201,resurfacing,26,resurfacing,resurfacing,NN,_,23,nmod
12271298,202,in,27,in,in,IN,_,29,case
12271298,203,all,28,all,all,DT,_,29,det
12271298,204,subjects,29,subjects,subject,NNS,_,21,nmod
12271298,205,.,30,.,.,.,_,8,punct
