doc,idx,Word_EBM,Sent_pos,Word,Lemma,UPOS,XPOS,HEAD,DEPREL
12824973,0,A,1,A,a,DT,_,4,det
12824973,1,randomized,2,randomized,randomize,VBN,_,4,amod
12824973,2,clinical,3,clinical,clinical,JJ,_,4,amod
12824973,3,trial,4,trial,trial,NN,_,0,ROOT
12824973,4,of,5,of,of,IN,_,6,case
12824973,5,treatment,6,treatment,treatment,NN,_,4,nmod
12824973,6,of,7,of,of,IN,_,10,case
12824973,7,clomiphene,8,clomiphene,clomiphene,NN,_,10,compound
12824973,8,citrate-resistant,9,citrate-resistant,citrate-resistant,JJ,_,10,amod
12824973,9,anovulation,10,anovulation,anovulation,NN,_,6,nmod
12824973,10,with,11,with,with,IN,_,13,case
12824973,11,the,12,the,the,DT,_,13,det
12824973,12,use,13,use,use,NN,_,6,nmod
12824973,13,of,14,of,of,IN,_,18,case
12824973,14,oral,15,oral,oral,JJ,_,18,amod
12824973,15,contraceptive,16,contraceptive,contraceptive,JJ,_,18,amod
12824973,16,pill,17,pill,pill,NN,_,18,compound
12824973,17,suppression,18,suppression,suppression,NN,_,13,nmod
12824973,18,and,19,and,and,CC,_,18,cc
12824973,19,repeat,20,repeat,repeat,NN,_,23,compound
12824973,20,clomiphene,21,clomiphene,clomiphene,NN,_,23,compound
12824973,21,citrate,22,citrate,citrate,NN,_,23,compound
12824973,22,treatment,23,treatment,treatment,NN,_,18,conj
12824973,23,.,24,.,.,.,_,4,punct
12824973,24,OBJECTIVE,1,OBJECTIVE,objective,NN,_,0,ROOT
12824973,25,The,2,The,the,DT,_,3,det
12824973,26,purpose,3,purpose,purpose,NN,_,7,nsubj
12824973,27,of,4,of,of,IN,_,6,case
12824973,28,this,5,this,this,DT,_,6,det
12824973,29,study,6,study,study,NN,_,3,nmod
12824973,30,was,7,was,be,VBD,_,1,acl:relcl
12824973,31,to,8,to,to,TO,_,9,mark
12824973,32,evaluate,9,evaluate,evaluate,VB,_,7,xcomp
12824973,33,the,10,the,the,DT,_,14,det
12824973,34,effectiveness,11,effectiveness,effectiveness,NN,_,14,amod
12824973,35,and,12,and,and,CC,_,11,cc
12824973,36,endocrine,13,endocrine,endocrine,JJ,_,11,conj
12824973,37,response,14,response,response,NN,_,9,dobj
12824973,38,of,15,of,of,IN,_,19,case
12824973,39,oral,16,oral,oral,JJ,_,19,amod
12824973,40,contraceptive,17,contraceptive,contraceptive,JJ,_,19,amod
12824973,41,ovarian,18,ovarian,ovarian,JJ,_,19,amod
12824973,42,suppression,19,suppression,suppression,NN,_,14,nmod
12824973,43,followed,20,followed,follow,VBN,_,19,acl
12824973,44,by,21,by,by,IN,_,23,case
12824973,45,clomiphene,22,clomiphene,clomiphene,NN,_,23,compound
12824973,46,citrate,23,citrate,citrate,NN,_,20,nmod
12824973,47,in,24,in,in,IN,_,25,case
12824973,48,patients,25,patients,patient,NNS,_,23,nmod
12824973,49,who,26,who,who,WP,_,31,nsubj
12824973,50,previously,27,previously,previously,RB,_,31,advmod
12824973,51,were,28,were,be,VBD,_,31,cop
12824973,52,clomiphene,29,clomiphene,clomiphene,NN,_,31,nmod:npmod
12824973,53,citrate,30,citrate,citrate,NN,_,31,nmod:npmod
12824973,54,resistant,31,resistant,resistant,JJ,_,25,acl:relcl
12824973,55,.,32,.,.,.,_,1,punct
12824973,56,STUDY,1,STUDY,study,NN,_,2,compound
12824973,57,DESIGN,2,DESIGN,design,NN,_,12,nsubjpass
12824973,58,Forty-eight,3,Forty-eight,forty-eight,CD,_,4,nummod
12824973,59,patients,4,patients,patient,NNS,_,2,dep
12824973,60,from,5,from,from,IN,_,10,case
12824973,61,a,6,a,a,DT,_,10,det
12824973,62,private,7,private,private,JJ,_,10,amod
12824973,63,tertiary,8,tertiary,tertiary,JJ,_,10,amod
12824973,64,infertility,9,infertility,infertility,NN,_,10,compound
12824973,65,clinic,10,clinic,clinic,NN,_,4,nmod
12824973,66,were,11,were,be,VBD,_,12,auxpass
12824973,67,assigned,12,assigned,assign,VBN,_,0,ROOT
12824973,68,randomly,13,randomly,randomly,RB,_,14,advmod
12824973,69,prospectively,14,prospectively,prospectively,RB,_,12,advmod
12824973,70,to,15,to,to,TO,_,17,case
12824973,71,either,16,either,either,DT,_,17,det
12824973,72,group,17,group,group,NN,_,12,nmod
12824973,73,1,18,1,1,CD,_,17,nummod
12824973,74,(,19,-LRB-,-lrb-,-LRB-,_,22,punct
12824973,75,oral,20,oral,oral,JJ,_,22,amod
12824973,76,contraceptive/clomiphene,21,contraceptive/clomiphene,contraceptive/clomiphene,NN,_,22,compound
12824973,77,citrate,22,citrate,citrate,NN,_,17,appos
12824973,78,),23,-RRB-,-rrb-,-RRB-,_,22,punct
12824973,79,",",24,",",",",",",_,17,punct
12824973,80,which,25,which,which,WDT,_,26,nsubj
12824973,81,received,26,received,receive,VBD,_,17,acl:relcl
12824973,82,continuous,27,continuous,continuous,JJ,_,29,amod
12824973,83,oral,28,oral,oral,JJ,_,29,amod
12824973,84,contraceptives,29,contraceptives,contraceptive,NNS,_,26,dobj
12824973,85,followed,30,followed,follow,VBN,_,29,acl
12824973,86,by,31,by,by,IN,_,33,case
12824973,87,clomiphene,32,clomiphene,clomiphene,NN,_,33,compound
12824973,88,citrate,33,citrate,citrate,NN,_,30,nmod
12824973,89,",",34,",",",",",",_,33,punct
12824973,90,or,35,or,or,CC,_,33,cc
12824973,91,to,36,to,to,TO,_,37,case
12824973,92,group,37,group,group,NN,_,33,conj
12824973,93,2,38,2,2,CD,_,37,nummod
12824973,94,(,39,-LRB-,-lrb-,-LRB-,_,40,punct
12824973,95,control,40,control,control,NN,_,37,appos
12824973,96,),41,-RRB-,-rrb-,-RRB-,_,40,punct
12824973,97,received,42,received,receive,VBD,_,12,xcomp
12824973,98,no,43,no,no,DT,_,44,neg
12824973,99,treatment,44,treatment,treatment,NN,_,42,dobj
12824973,100,in,45,in,in,IN,_,47,case
12824973,101,the,46,the,the,DT,_,47,det
12824973,102,cycle,47,cycle,cycle,NN,_,42,nmod
12824973,103,before,48,before,before,IN,_,51,case
12824973,104,clomiphene,49,clomiphene,clomiphene,NN,_,51,compound
12824973,105,citrate,50,citrate,citrate,NN,_,51,compound
12824973,106,treatment,51,treatment,treatment,NN,_,42,nmod
12824973,107,.,52,.,.,.,_,12,punct
12824973,108,On,1,On,on,IN,_,2,case
12824973,109,day,2,day,day,NN,_,17,nmod
12824973,110,3,3,3,3,CD,_,2,nummod
12824973,111,",",4,",",",",",",_,17,punct
12824973,112,17,5,17,17,CD,_,6,nummod
12824973,113,beta-estradiol,6,beta-estradiol,beta-estradiol,NN,_,17,nsubjpass
12824973,114,",",7,",",",",",",_,6,punct
12824973,115,follicle-stimulating,8,follicle-stimulating,follicle-stimulating,JJ,_,9,amod
12824973,116,hormone,9,hormone,hormone,NN,_,6,appos
12824973,117,",",10,",",",",",",_,6,punct
12824973,118,luteinizing,11,luteinizing,luteinize,VBG,_,12,amod
12824973,119,hormone,12,hormone,hormone,NN,_,6,conj
12824973,120,",",13,",",",",",",_,6,punct
12824973,121,and,14,and,and,CC,_,6,cc
12824973,122,androgens,15,androgens,androgen,NNS,_,6,conj
12824973,123,were,16,were,be,VBD,_,17,auxpass
12824973,124,assayed,17,assayed,assay,VBN,_,0,ROOT
12824973,125,before,18,before,before,IN,_,21,nmod
12824973,126,and,19,and,and,CC,_,18,cc
12824973,127,after,20,after,after,IN,_,18,conj
12824973,128,treatment,21,treatment,treatment,NN,_,17,nmod
12824973,129,.,22,.,.,.,_,17,punct
12824973,130,Follicle,1,Follicle,follicle,NN,_,2,compound
12824973,131,growth,2,growth,growth,NN,_,9,nsubjpass
12824973,132,",",3,",",",",",",_,2,punct
12824973,133,ovulation,4,ovulation,ovulation,NN,_,2,conj
12824973,134,",",5,",",",",",",_,2,punct
12824973,135,and,6,and,and,CC,_,2,cc
12824973,136,pregnancy,7,pregnancy,pregnancy,NN,_,2,conj
12824973,137,were,8,were,be,VBD,_,9,auxpass
12824973,138,evaluated,9,evaluated,evaluate,VBN,_,0,ROOT
12824973,139,.,10,.,.,.,_,9,punct
12824973,140,The,1,The,the,DT,_,4,det
12824973,141,Student,2,Student,student,NN,_,4,compound
12824973,142,t,3,t,t,NN,_,4,compound
12824973,143,test,4,test,test,NN,_,10,nsubjpass
12824973,144,and,5,and,and,CC,_,4,cc
12824973,145,analysis,6,analysis,analysis,NN,_,4,conj
12824973,146,of,7,of,of,IN,_,8,case
12824973,147,variance,8,variance,variance,NN,_,4,nmod
12824973,148,were,9,were,be,VBD,_,10,auxpass
12824973,149,used,10,used,use,VBN,_,0,ROOT
12824973,150,for,11,for,for,IN,_,13,case
12824973,151,statistical,12,statistical,statistical,JJ,_,13,amod
12824973,152,significance,13,significance,significance,NN,_,10,nmod
12824973,153,.,14,.,.,.,_,10,punct
12824973,154,RESULTS,1,RESULTS,result,NNS,_,0,ROOT
12824973,155,The,2,The,the,DT,_,6,det
12824973,156,oral,3,oral,oral,JJ,_,6,amod
12824973,157,contraceptive/clomiphene,4,contraceptive/clomiphene,contraceptive/clomiphene,NN,_,6,compound
12824973,158,citrate,5,citrate,citrate,NN,_,6,compound
12824973,159,group,6,group,group,NN,_,7,nsubj
12824973,160,had,7,had,have,VBD,_,1,acl:relcl
12824973,161,a,8,a,a,DT,_,11,det
12824973,162,significantly,9,significantly,significantly,RB,_,10,advmod
12824973,163,higher,10,higher,higher,JJR,_,11,amod
12824973,164,percentage,11,percentage,percentage,NN,_,7,dobj
12824973,165,of,12,of,of,IN,_,13,case
12824973,166,patients,13,patients,patient,NNS,_,11,nmod
12824973,167,who,14,who,who,WP,_,15,nsubj
12824973,168,ovulated,15,ovulated,ovulate,VBD,_,13,acl:relcl
12824973,169,and,16,and,and,CC,_,15,cc
12824973,170,of,17,of,of,IN,_,19,case
12824973,171,ovulatory,18,ovulatory,ovulatory,JJ,_,19,amod
12824973,172,cycles,19,cycles,cycle,NNS,_,15,conj
12824973,173,and,20,and,and,CC,_,19,cc
12824973,174,pregnancies,21,pregnancies,pregnancy,NNS,_,19,conj
12824973,175,.,22,.,.,.,_,1,punct
12824973,176,Significantly,1,Significantly,significantly,RB,_,2,advmod
12824973,177,lower,2,lower,lower,JJR,_,3,amod
12824973,178,levels,3,levels,level,NNS,_,15,nsubjpass
12824973,179,of,4,of,of,IN,_,6,case
12824973,180,17,5,17,17,CD,_,6,nummod
12824973,181,beta-estradiol,6,beta-estradiol,beta-estradiol,NN,_,3,nmod
12824973,182,",",7,",",",",",",_,3,punct
12824973,183,luteinizing,8,luteinizing,luteinize,VBG,_,3,acl
12824973,184,hormone,9,hormone,hormone,NN,_,8,dobj
12824973,185,",",10,",",",",",",_,3,punct
12824973,186,and,11,and,and,CC,_,3,cc
12824973,187,androgen,12,androgen,androgen,NN,_,13,compound
12824973,188,levels,13,levels,level,NNS,_,3,conj
12824973,189,were,14,were,be,VBD,_,15,auxpass
12824973,190,seen,15,seen,see,VBN,_,0,ROOT
12824973,191,in,16,in,in,IN,_,21,case
12824973,192,the,17,the,the,DT,_,21,det
12824973,193,oral,18,oral,oral,JJ,_,21,amod
12824973,194,contraceptive/clomiphene,19,contraceptive/clomiphene,contraceptive/clomiphene,NN,_,21,compound
12824973,195,citrate,20,citrate,citrate,NN,_,21,compound
12824973,196,group,21,group,group,NN,_,15,nmod
12824973,197,",",22,",",",",",",_,15,punct
12824973,198,with,23,with,with,IN,_,26,case
12824973,199,no,24,no,no,DT,_,26,neg
12824973,200,significant,25,significant,significant,JJ,_,26,amod
12824973,201,changes,26,changes,change,NNS,_,15,nmod
12824973,202,in,27,in,in,IN,_,28,case
12824973,203,group,28,group,group,NN,_,26,nmod
12824973,204,2,29,2,2,CD,_,28,nummod
12824973,205,.,30,.,.,.,_,15,punct
12824973,206,CONCLUSION,1,CONCLUSION,conclusion,NN,_,2,compound
12824973,207,Suppression,2,Suppression,suppression,NN,_,9,nsubj
12824973,208,of,3,of,of,IN,_,5,case
12824973,209,the,4,the,the,DT,_,5,det
12824973,210,ovary,5,ovary,ovary,NN,_,2,nmod
12824973,211,with,6,with,with,IN,_,8,case
12824973,212,oral,7,oral,oral,JJ,_,8,amod
12824973,213,contraceptives,8,contraceptives,contraceptive,NNS,_,2,nmod
12824973,214,results,9,results,result,VBZ,_,0,ROOT
12824973,215,in,10,in,in,IN,_,12,case
12824973,216,excellent,11,excellent,excellent,JJ,_,12,amod
12824973,217,rates,12,rates,rate,NNS,_,9,nmod
12824973,218,of,13,of,of,IN,_,14,case
12824973,219,ovulation,14,ovulation,ovulation,NN,_,12,nmod
12824973,220,and,15,and,and,CC,_,14,cc
12824973,221,pregnancy,16,pregnancy,pregnancy,NN,_,14,conj
12824973,222,in,17,in,in,IN,_,18,case
12824973,223,patients,18,patients,patient,NNS,_,14,nmod
12824973,224,who,19,who,who,WP,_,22,nsubj
12824973,225,previously,20,previously,previously,RB,_,22,advmod
12824973,226,were,21,were,be,VBD,_,22,cop
12824973,227,resistant,22,resistant,resistant,JJ,_,18,acl:relcl
12824973,228,to,23,to,to,TO,_,25,case
12824973,229,clomiphene,24,clomiphene,clomiphene,NN,_,25,compound
12824973,230,citrate,25,citrate,citrate,NN,_,22,nmod
12824973,231,.,26,.,.,.,_,9,punct
12824973,232,The,1,The,the,DT,_,2,det
12824973,233,decreases,2,decreases,decrease,NNS,_,15,nsubj
12824973,234,in,3,in,in,IN,_,5,case
12824973,235,ovarian,4,ovarian,ovarian,JJ,_,5,amod
12824973,236,androgens,5,androgens,androgen,NNS,_,2,nmod
12824973,237,",",6,",",",",",",_,2,punct
12824973,238,luteinizing,7,luteinizing,luteinize,VBG,_,8,amod
12824973,239,hormone,8,hormone,hormone,NN,_,2,conj
12824973,240,",",9,",",",",",",_,2,punct
12824973,241,and,10,and,and,CC,_,2,cc
12824973,242,17,11,17,17,CD,_,12,nummod
12824973,243,beta-estradiol,12,beta-estradiol,beta-estradiol,NN,_,2,conj
12824973,244,may,13,may,may,MD,_,15,aux
12824973,245,be,14,be,be,VB,_,15,cop
12824973,246,responsible,15,responsible,responsible,JJ,_,0,ROOT
12824973,247,for,16,for,for,IN,_,19,case
12824973,248,the,17,the,the,DT,_,19,det
12824973,249,improved,18,improved,improved,JJ,_,19,amod
12824973,250,response,19,response,response,NN,_,15,nmod
12824973,251,.,20,.,.,.,_,15,punct
