doc,idx,Word_EBM,Sent_pos,Word,Lemma,UPOS,XPOS,HEAD,DEPREL
12834936,0,Pethidine,1,Pethidine,Pethidine,NNP,_,0,ROOT
12834936,1,versus,2,versus,versus,CC,_,1,cc
12834936,2,tramadol,3,tramadol,tramadol,NN,_,1,conj
12834936,3,for,4,for,for,IN,_,6,case
12834936,4,pain,5,pain,pain,NN,_,6,compound
12834936,5,relief,6,relief,relief,NN,_,1,nmod
12834936,6,during,7,during,during,IN,_,8,case
12834936,7,labor,8,labor,labor,NN,_,1,nmod
12834936,8,.,9,.,.,.,_,1,punct
12834936,9,OBJECTIVE,1,OBJECTIVE,objective,NN,_,0,ROOT
12834936,10,To,2,To,to,TO,_,3,mark
12834936,11,evaluate,3,evaluate,evaluate,VB,_,1,acl
12834936,12,and,4,and,and,CC,_,3,cc
12834936,13,compare,5,compare,compare,VB,_,3,conj
12834936,14,the,6,the,the,DT,_,8,det
12834936,15,analgesic,7,analgesic,analgesic,JJ,_,8,amod
12834936,16,efficacy,8,efficacy,efficacy,NN,_,3,dobj
12834936,17,and,9,and,and,CC,_,8,cc
12834936,18,adverse,10,adverse,adverse,JJ,_,11,amod
12834936,19,effects,11,effects,effect,NNS,_,8,conj
12834936,20,of,12,of,of,IN,_,13,case
12834936,21,tramadol,13,tramadol,tramadol,NN,_,8,nmod
12834936,22,and,14,and,and,CC,_,13,cc
12834936,23,pethidine,15,pethidine,pethidine,NN,_,13,conj
12834936,24,in,16,in,in,IN,_,17,case
12834936,25,labor,17,labor,labor,NN,_,13,nmod
12834936,26,.,18,.,.,.,_,1,punct
12834936,27,METHOD,1,METHOD,method,NN,_,5,compound
12834936,28,Fifty-nine,2,Fifty-nine,fifty-nine,CD,_,5,nummod
12834936,29,full,3,full,full,JJ,_,5,amod
12834936,30,term,4,term,term,NN,_,5,compound
12834936,31,parturients,5,parturients,parturient,NNS,_,8,nsubjpass
12834936,32,were,6,were,be,VBD,_,8,auxpass
12834936,33,randomly,7,randomly,randomly,RB,_,8,advmod
12834936,34,assigned,8,assigned,assign,VBN,_,0,ROOT
12834936,35,to,9,to,to,TO,_,10,case
12834936,36,one,10,one,one,CD,_,8,nmod
12834936,37,of,11,of,of,IN,_,13,case
12834936,38,two,12,two,two,CD,_,13,nummod
12834936,39,groups,13,groups,group,NNS,_,10,nmod
12834936,40,in,14,in,in,IN,_,16,case
12834936,41,active,15,active,active,JJ,_,16,amod
12834936,42,labor,16,labor,labor,NN,_,13,nmod
12834936,43,.,17,.,.,.,_,8,punct
12834936,44,Group,1,Group,Group,NNP,_,3,nsubj
12834936,45,1,2,1,1,CD,_,1,nummod
12834936,46,received,3,received,receive,VBD,_,0,ROOT
12834936,47,100,4,100,100,CD,_,6,nummod
12834936,48,mg,5,mg,mg,NN,_,6,compound
12834936,49,pethidine,6,pethidine,pethidine,NN,_,3,dobj
12834936,50,;,7,;,;,:,_,3,punct
12834936,51,group,8,group,group,NN,_,3,dep
12834936,52,2,9,2,2,CD,_,8,nummod
12834936,53,",",10,",",",",",",_,8,punct
12834936,54,100,11,100,100,CD,_,12,compound
12834936,55,mg,12,mg,mg,NN,_,13,amod
12834936,56,tramadol,13,tramadol,tramadol,NN,_,8,appos
12834936,57,",",14,",",",",",",_,8,punct
12834936,58,intramuscularly,15,intramuscularly,intramuscularly,RB,_,8,advmod
12834936,59,.,16,.,.,.,_,3,punct
12834936,60,Analgesic,1,Analgesic,analgesic,JJ,_,2,amod
12834936,61,efficacy,2,efficacy,efficacy,NN,_,8,nsubj
12834936,62,",",3,",",",",",",_,2,punct
12834936,63,maternal,4,maternal,maternal,JJ,_,6,amod
12834936,64,side,5,side,side,JJ,_,6,amod
12834936,65,effects,6,effects,effect,NNS,_,2,conj
12834936,66,",",7,",",",",",",_,2,punct
12834936,67,changes,8,changes,change,NNS,_,0,ROOT
12834936,68,in,9,in,in,IN,_,12,case
12834936,69,the,10,the,the,DT,_,12,det
12834936,70,blood,11,blood,blood,NN,_,12,compound
12834936,71,pressure,12,pressure,pressure,NN,_,8,nmod
12834936,72,",",13,",",",",",",_,8,punct
12834936,73,heart,14,heart,heart,NN,_,15,compound
12834936,74,rate,15,rate,rate,NN,_,8,conj
12834936,75,",",16,",",",",",",_,8,punct
12834936,76,and,17,and,and,CC,_,8,cc
12834936,77,duration,18,duration,duration,NN,_,22,nsubjpass
12834936,78,of,19,of,of,IN,_,20,case
12834936,79,labor,20,labor,labor,NN,_,18,nmod
12834936,80,were,21,were,be,VBD,_,22,auxpass
12834936,81,assessed,22,assessed,assess,VBN,_,8,conj
12834936,82,.,23,.,.,.,_,8,punct
12834936,83,RESULT,1,RESULT,result,NN,_,14,nsubj
12834936,84,At,2,At,at,IN,_,6,case
12834936,85,30,3,30,30,CD,_,6,nummod
12834936,86,and,4,and,and,CC,_,3,cc
12834936,87,60,5,60,60,CD,_,3,conj
12834936,88,min,6,min,min,NN,_,1,nmod
12834936,89,after,7,after,after,IN,_,9,case
12834936,90,drug,8,drug,drug,NN,_,9,compound
12834936,91,administration,9,administration,administration,NN,_,6,nmod
12834936,92,",",10,",",",",",",_,6,punct
12834936,93,pain,11,pain,pain,NN,_,12,compound
12834936,94,relief,12,relief,relief,NN,_,6,appos
12834936,95,was,13,was,be,VBD,_,14,cop
12834936,96,greater,14,greater,greater,JJR,_,0,ROOT
12834936,97,in,15,in,in,IN,_,18,case
12834936,98,the,16,the,the,DT,_,18,det
12834936,99,pethidine,17,pethidine,pethidine,NN,_,18,compound
12834936,100,group,18,group,group,NN,_,14,nmod
12834936,101,than,19,than,than,IN,_,22,case
12834936,102,in,20,in,in,IN,_,22,case
12834936,103,tramadol,21,tramadol,tramadol,NN,_,22,compound
12834936,104,group,22,group,group,NN,_,14,nmod
12834936,105,.,23,.,.,.,_,14,punct
12834936,106,The,1,The,the,DT,_,2,det
12834936,107,incidence,2,incidence,incidence,NN,_,8,nsubj
12834936,108,of,3,of,of,IN,_,4,case
12834936,109,nausea,4,nausea,nausea,NN,_,2,nmod
12834936,110,and,5,and,and,CC,_,4,cc
12834936,111,fatigue,6,fatigue,fatigue,NN,_,4,conj
12834936,112,was,7,was,be,VBD,_,8,cop
12834936,113,higher,8,higher,higher,JJR,_,0,ROOT
12834936,114,in,9,in,in,IN,_,12,case
12834936,115,the,10,the,the,DT,_,12,det
12834936,116,tramadol,11,tramadol,tramadol,NN,_,12,compound
12834936,117,group,12,group,group,NN,_,8,nmod
12834936,118,.,13,.,.,.,_,8,punct
12834936,119,Following,1,Following,follow,VBG,_,3,case
12834936,120,drug,2,drug,drug,NN,_,3,compound
12834936,121,administration,3,administration,administration,NN,_,20,nmod
12834936,122,the,4,the,the,DT,_,5,det
12834936,123,decrease,5,decrease,decrease,NN,_,20,nsubj
12834936,124,in,6,in,in,IN,_,11,case
12834936,125,systolic,7,systolic,systolic,JJ,_,11,amod
12834936,126,and,8,and,and,CC,_,7,cc
12834936,127,diastolic,9,diastolic,diastolic,JJ,_,7,conj
12834936,128,blood,10,blood,blood,NN,_,11,compound
12834936,129,pressure,11,pressure,pressure,NN,_,5,nmod
12834936,130,and,12,and,and,CC,_,5,cc
12834936,131,the,13,the,the,DT,_,14,det
12834936,132,increase,14,increase,increase,NN,_,5,conj
12834936,133,in,15,in,in,IN,_,17,case
12834936,134,heart,16,heart,heart,NN,_,17,compound
12834936,135,rate,17,rate,rate,NN,_,14,nmod
12834936,136,were,18,were,be,VBD,_,20,cop
12834936,137,statistically,19,statistically,statistically,RB,_,20,advmod
12834936,138,significant,20,significant,significant,JJ,_,0,ROOT
12834936,139,in,21,in,in,IN,_,23,case
12834936,140,both,22,both,both,DT,_,23,det
12834936,141,groups,23,groups,group,NNS,_,20,nmod
12834936,142,.,24,.,.,.,_,20,punct
12834936,143,No,1,No,no,DT,_,3,neg
12834936,144,significant,2,significant,significant,JJ,_,3,amod
12834936,145,difference,3,difference,difference,NN,_,5,nsubjpass
12834936,146,was,4,was,be,VBD,_,5,auxpass
12834936,147,found,5,found,find,VBN,_,0,ROOT
12834936,148,between,6,between,between,IN,_,8,case
12834936,149,the,7,the,the,DT,_,8,det
12834936,150,groups,8,groups,group,NNS,_,5,nmod
12834936,151,when,9,when,when,WRB,_,10,advmod
12834936,152,compared,10,compared,compare,VBN,_,5,advcl
12834936,153,for,11,for,for,IN,_,12,case
12834936,154,duration,12,duration,duration,NN,_,10,nmod
12834936,155,of,13,of,of,IN,_,14,case
12834936,156,labor,14,labor,labor,NN,_,12,nmod
12834936,157,and,15,and,and,CC,_,14,cc
12834936,158,Apgar,16,Apgar,apgar,JJ,_,17,amod
12834936,159,scores,17,scores,score,NNS,_,14,conj
12834936,160,.,18,.,.,.,_,5,punct
12834936,161,None,1,None,none,NN,_,5,nsubj
12834936,162,of,2,of,of,IN,_,4,case
12834936,163,the,3,the,the,DT,_,4,det
12834936,164,neonates,4,neonates,neonate,NNS,_,1,nmod
12834936,165,developed,5,developed,develop,VBD,_,0,ROOT
12834936,166,respiratory,6,respiratory,respiratory,JJ,_,7,amod
12834936,167,depression,7,depression,depression,NN,_,5,dobj
12834936,168,.,8,.,.,.,_,5,punct
12834936,169,CONCLUSION,1,CONCLUSION,conclusion,NN,_,2,compound
12834936,170,Pethidine,2,Pethidine,pethidine,NN,_,3,nsubj
12834936,171,seems,3,seems,seem,VBZ,_,0,ROOT
12834936,172,to,4,to,to,TO,_,8,mark
12834936,173,be,5,be,be,VB,_,8,cop
12834936,174,a,6,a,a,DT,_,8,det
12834936,175,better,7,better,better,JJR,_,8,amod
12834936,176,alternative,8,alternative,alternative,NN,_,3,xcomp
12834936,177,than,9,than,than,IN,_,10,case
12834936,178,tramadol,10,tramadol,tramadol,NN,_,8,nmod
12834936,179,in,11,in,in,IN,_,13,case
12834936,180,obstetric,12,obstetric,obstetric,JJ,_,13,amod
12834936,181,analgesia,13,analgesia,analgesia,NN,_,8,nmod
12834936,182,because,14,because,because,IN,_,17,case
12834936,183,of,15,of,of,IN,_,14,mwe
12834936,184,its,16,its,its,PRP$,_,17,nmod:poss
12834936,185,superiority,17,superiority,superiority,NN,_,8,nmod
12834936,186,in,18,in,in,IN,_,20,case
12834936,187,analgesic,19,analgesic,analgesic,JJ,_,20,amod
12834936,188,efficacy,20,efficacy,efficacy,NN,_,17,nmod
12834936,189,and,21,and,and,CC,_,20,cc
12834936,190,low,22,low,low,JJ,_,23,amod
12834936,191,incidence,23,incidence,incidence,NN,_,20,conj
12834936,192,of,24,of,of,IN,_,27,case
12834936,193,maternal,25,maternal,maternal,JJ,_,27,amod
12834936,194,side,26,side,side,JJ,_,27,amod
12834936,195,effects,27,effects,effect,NNS,_,20,nmod
12834936,196,.,28,.,.,.,_,3,punct
