doc,idx,Word_EBM,Sent_pos,Word,Lemma,UPOS,XPOS,HEAD,DEPREL
1359809,0,Dexmedetomidine,1,Dexmedetomidine,dexmedetomidine,JJ,_,2,amod
1359809,1,infusion,2,infusion,infusion,NN,_,0,ROOT
1359809,2,for,3,for,for,IN,_,4,case
1359809,3,maintenance,4,maintenance,maintenance,NN,_,2,nmod
1359809,4,of,5,of,of,IN,_,6,case
1359809,5,anesthesia,6,anesthesia,anesthesia,NN,_,4,nmod
1359809,6,in,7,in,in,IN,_,8,case
1359809,7,patients,8,patients,patient,NNS,_,2,nmod
1359809,8,undergoing,9,undergoing,undergo,VBG,_,8,acl
1359809,9,abdominal,10,abdominal,abdominal,JJ,_,11,amod
1359809,10,hysterectomy,11,hysterectomy,hysterectomy,NN,_,9,dobj
1359809,11,.,12,.,.,.,_,2,punct
1359809,12,The,1,The,the,DT,_,2,det
1359809,13,usefulness,2,usefulness,usefulness,NN,_,12,nsubjpass
1359809,14,of,3,of,of,IN,_,6,case
1359809,15,intravenous,4,intravenous,intravenous,JJ,_,6,amod
1359809,16,dexmedetomidine,5,dexmedetomidine,dexmedetomidine,NN,_,6,compound
1359809,17,infusion,6,infusion,infusion,NN,_,2,nmod
1359809,18,for,7,for,for,IN,_,8,case
1359809,19,maintenance,8,maintenance,maintenance,NN,_,2,nmod
1359809,20,of,9,of,of,IN,_,10,case
1359809,21,anesthesia,10,anesthesia,anesthesia,NN,_,8,nmod
1359809,22,was,11,was,be,VBD,_,12,auxpass
1359809,23,studied,12,studied,study,VBN,_,0,ROOT
1359809,24,in,13,in,in,IN,_,14,case
1359809,25,patients,14,patients,patient,NNS,_,12,nmod
1359809,26,anesthetized,15,anesthetized,anesthetized,JJ,_,14,amod
1359809,27,with,16,with,with,IN,_,17,case
1359809,28,thiopental,17,thiopental,thiopental,JJ,_,15,nmod
1359809,29,",",18,",",",",",",_,17,punct
1359809,30,fentanyl,19,fentanyl,fentanyl,NN,_,17,conj
1359809,31,",",20,",",",",",",_,17,punct
1359809,32,nitrous,21,nitrous,nitrous,JJ,_,22,amod
1359809,33,oxide,22,oxide,oxide,NN,_,17,conj
1359809,34,",",23,",",",",",",_,17,punct
1359809,35,and,24,and,and,CC,_,17,cc
1359809,36,oxygen,25,oxygen,oxygen,NN,_,17,conj
1359809,37,.,26,.,.,.,_,12,punct
1359809,38,Isoflurane,1,Isoflurane,isoflurane,NN,_,3,nsubjpass
1359809,39,was,2,was,be,VBD,_,3,auxpass
1359809,40,added,3,added,add,VBN,_,0,ROOT
1359809,41,as,4,as,as,IN,_,5,mark
1359809,42,needed,5,needed,need,VBN,_,3,advcl
1359809,43,.,6,.,.,.,_,3,punct
1359809,44,The,1,The,the,DT,_,2,det
1359809,45,study,2,study,study,NN,_,4,nsubjpass
1359809,46,was,3,was,be,VBD,_,4,auxpass
1359809,47,conducted,4,conducted,conduct,VBN,_,0,ROOT
1359809,48,in,5,in,in,IN,_,7,case
1359809,49,two,6,two,two,CD,_,7,nummod
1359809,50,parts,7,parts,part,NNS,_,4,nmod
1359809,51,",",8,",",",",",",_,7,punct
1359809,52,the,9,the,the,DT,_,10,det
1359809,53,first,10,first,first,JJ,_,17,nsubj
1359809,54,of,11,of,of,IN,_,12,case
1359809,55,which,12,which,which,WDT,_,10,nmod
1359809,56,was,13,was,be,VBD,_,17,cop
1359809,57,an,14,an,a,DT,_,17,det
1359809,58,open,15,open,open,JJ,_,17,amod
1359809,59,dose-response,16,dose-response,dose-response,JJ,_,17,amod
1359809,60,study,17,study,study,NN,_,7,acl:relcl
1359809,61,that,18,that,that,WDT,_,19,nsubj
1359809,62,comprised,19,comprised,comprise,VBD,_,17,acl:relcl
1359809,63,14,20,14,14,CD,_,21,nummod
1359809,64,women,21,women,woman,NNS,_,19,dobj
1359809,65,undergoing,22,undergoing,undergo,VBG,_,21,acl
1359809,66,abdominal,23,abdominal,abdominal,JJ,_,24,amod
1359809,67,hysterectomy,24,hysterectomy,hysterectomy,NN,_,22,dobj
1359809,68,.,25,.,.,.,_,4,punct
1359809,69,After,1,After,after,IN,_,5,case
1359809,70,a,2,a,a,DT,_,5,det
1359809,71,suitable,3,suitable,suitable,JJ,_,5,amod
1359809,72,infusion,4,infusion,infusion,NN,_,5,compound
1359809,73,regimen,5,regimen,regimen,NN,_,9,nmod
1359809,74,of,6,of,of,IN,_,7,case
1359809,75,dexmedetomidine,7,dexmedetomidine,dexmedetomidine,NN,_,5,nmod
1359809,76,was,8,was,be,VBD,_,9,auxpass
1359809,77,determined,9,determined,determine,VBN,_,0,ROOT
1359809,78,according,10,according,accord,VBG,_,13,case
1359809,79,to,11,to,to,TO,_,10,mwe
1359809,80,hemodynamic,12,hemodynamic,hemodynamic,JJ,_,13,amod
1359809,81,criteria,13,criteria,criterion,NNS,_,9,nmod
1359809,82,",",14,",",",",",",_,13,punct
1359809,83,20,15,20,20,CD,_,16,nummod
1359809,84,patients,16,patients,patient,NNS,_,18,nsubjpass
1359809,85,were,17,were,be,VBD,_,18,auxpass
1359809,86,included,18,included,include,VBN,_,13,acl:relcl
1359809,87,in,19,in,in,IN,_,25,case
1359809,88,a,20,a,a,DT,_,25,det
1359809,89,double-blind,21,double-blind,double-blind,JJ,_,25,amod
1359809,90,",",22,",",",",",",_,25,punct
1359809,91,randomized,23,randomized,randomize,VBN,_,25,amod
1359809,92,placebo-controlled,24,placebo-controlled,placebo-controlled,JJ,_,25,amod
1359809,93,trial,25,trial,trial,NN,_,18,nmod
1359809,94,(,26,-LRB-,-lrb-,-LRB-,_,33,punct
1359809,95,10,27,10,10,CD,_,33,nummod
1359809,96,receiving,28,receiving,receive,VBG,_,27,acl
1359809,97,dexmedetomidine,29,dexmedetomidine,dexmedetomidine,NN,_,28,dobj
1359809,98,",",30,",",",",",",_,33,punct
1359809,99,10,31,10,10,CD,_,33,nummod
1359809,100,saline,32,saline,saline,NN,_,33,compound
1359809,101,solution,33,solution,solution,NN,_,25,appos
1359809,102,),34,-RRB-,-rrb-,-RRB-,_,33,punct
1359809,103,.,35,.,.,.,_,9,punct
1359809,104,Dexmedetomidine,1,Dexmedetomidine,dexmedetomidine,NN,_,3,nsubjpass
1359809,105,was,2,was,be,VBD,_,3,auxpass
1359809,106,administered,3,administered,administer,VBN,_,0,ROOT
1359809,107,as,4,as,as,IN,_,7,case
1359809,108,a,5,a,a,DT,_,7,det
1359809,109,two-step,6,two-step,two-step,JJ,_,7,amod
1359809,110,infusion,7,infusion,infusion,NN,_,3,nmod
1359809,111,to,8,to,to,TO,_,10,mark
1359809,112,rapidly,9,rapidly,rapidly,RB,_,10,advmod
1359809,113,achieve,10,achieve,achieve,VB,_,7,acl
1359809,114,a,11,a,a,DT,_,14,det
1359809,115,steady-state,12,steady-state,steady-state,JJ,_,14,amod
1359809,116,plasma,13,plasma,plasma,NN,_,14,compound
1359809,117,concentration,14,concentration,concentration,NN,_,10,dobj
1359809,118,.,15,.,.,.,_,3,punct
1359809,119,The,1,The,the,DT,_,2,det
1359809,120,infusion,2,infusion,infusion,NN,_,4,nsubjpass
1359809,121,was,3,was,be,VBD,_,4,auxpass
1359809,122,started,4,started,start,VBN,_,0,ROOT
1359809,123,with,5,with,with,IN,_,8,case
1359809,124,an,6,an,a,DT,_,8,det
1359809,125,initial,7,initial,initial,JJ,_,8,amod
1359809,126,dose,8,dose,dose,NN,_,4,nmod
1359809,127,given,9,given,give,VBN,_,12,case
1359809,128,over,10,over,over,IN,_,11,advmod
1359809,129,10,11,10,10,CD,_,12,nummod
1359809,130,min,12,min,min,NN,_,8,nmod
1359809,131,before,13,before,before,IN,_,15,case
1359809,132,the,14,the,the,DT,_,15,det
1359809,133,induction,15,induction,induction,NN,_,4,nmod
1359809,134,of,16,of,of,IN,_,17,case
1359809,135,anesthesia,17,anesthesia,anesthesia,NN,_,15,nmod
1359809,136,;,18,;,;,:,_,4,punct
1359809,137,at,19,at,at,IN,_,20,case
1359809,138,induction,20,induction,induction,NN,_,25,nmod
1359809,139,the,21,the,the,DT,_,23,det
1359809,140,maintenance,22,maintenance,maintenance,NN,_,23,compound
1359809,141,rate,23,rate,rate,NN,_,25,nsubjpass
1359809,142,was,24,was,be,VBD,_,25,auxpass
1359809,143,begun,25,begun,begin,VBN,_,4,parataxis
1359809,144,and,26,and,and,CC,_,25,cc
1359809,145,continued,27,continued,continue,VBN,_,25,conj
1359809,146,until,28,until,until,IN,_,29,case
1359809,147,closure,29,closure,closure,NN,_,27,nmod
1359809,148,of,30,of,of,IN,_,33,case
1359809,149,the,31,the,the,DT,_,33,det
1359809,150,abdominal,32,abdominal,abdominal,JJ,_,33,amod
1359809,151,fascia,33,fascia,fascia,NN,_,29,nmod
1359809,152,.,34,.,.,.,_,4,punct
1359809,153,The,1,The,the,DT,_,3,det
1359809,154,infusion,2,infusion,infusion,NN,_,3,compound
1359809,155,regimens,3,regimens,regimen,NNS,_,11,nsubj
1359809,156,of,4,of,of,IN,_,5,case
1359809,157,dexmedetomidine,5,dexmedetomidine,dexmedetomidine,NN,_,3,nmod
1359809,158,tested,6,tested,test,VBN,_,5,acl
1359809,159,in,7,in,in,IN,_,10,case
1359809,160,the,8,the,the,DT,_,10,det
1359809,161,dose-response,9,dose-response,dose-response,JJ,_,10,amod
1359809,162,study,10,study,study,NN,_,6,nmod
1359809,163,ranged,11,ranged,range,VBD,_,0,ROOT
1359809,164,from,12,from,from,IN,_,16,case
1359809,165,120,13,120,120,CD,_,16,nummod
1359809,166,ng.kg-1,14,ng.kg-1,ng.kg-1,NN,_,16,compound
1359809,167,x,15,x,x,NN,_,16,compound
1359809,168,min-1,16,min-1,min-1,NN,_,11,nmod
1359809,169,",",17,",",",",",",_,11,punct
1359809,170,followed,18,followed,follow,VBN,_,11,dep
1359809,171,by,19,by,by,IN,_,23,case
1359809,172,6,20,6,6,CD,_,23,nummod
1359809,173,ng.kg-1,21,ng.kg-1,ng.kg-1,NN,_,23,compound
1359809,174,x,22,x,x,NN,_,23,compound
1359809,175,min-1,23,min-1,min-1,NN,_,18,nmod
1359809,176,",",24,",",",",",",_,11,punct
1359809,177,to,25,to,to,TO,_,31,case
1359809,178,270,26,270,270,CD,_,31,nummod
1359809,179,+,27,+,+,CC,_,26,cc
1359809,180,13.5,28,13.5,13.5,CD,_,26,conj
1359809,181,ng.kg-1,29,ng.kg-1,ng.kg-1,NN,_,31,compound
1359809,182,x,30,x,x,NN,_,31,compound
1359809,183,min-1,31,min-1,min-1,NN,_,11,nmod
1359809,184,.,32,.,.,.,_,11,punct
1359809,185,In,1,In,in,IN,_,4,case
1359809,186,the,2,the,the,DT,_,4,det
1359809,187,second,3,second,second,JJ,_,4,amod
1359809,188,part,4,part,part,NN,_,18,nmod
1359809,189,of,5,of,of,IN,_,7,case
1359809,190,the,6,the,the,DT,_,7,det
1359809,191,study,7,study,study,NN,_,4,nmod
1359809,192,",",8,",",",",",",_,18,punct
1359809,193,an,9,an,a,DT,_,11,det
1359809,194,initial,10,initial,initial,JJ,_,11,amod
1359809,195,infusion,11,infusion,infusion,NN,_,18,nsubjpass
1359809,196,of,12,of,of,IN,_,16,case
1359809,197,170,13,170,170,CD,_,16,nummod
1359809,198,ng.kg-1,14,ng.kg-1,ng.kg-1,NN,_,16,compound
1359809,199,x,15,x,x,NN,_,16,compound
1359809,200,min-1,16,min-1,min-1,NN,_,11,nmod
1359809,201,was,17,was,be,VBD,_,18,auxpass
1359809,202,chosen,18,chosen,choose,VBN,_,0,ROOT
1359809,203,",",19,",",",",",",_,18,punct
1359809,204,followed,20,followed,follow,VBN,_,18,dep
1359809,205,by,21,by,by,IN,_,25,case
1359809,206,10,22,10,10,CD,_,25,nummod
1359809,207,ng.kg-1,23,ng.kg-1,ng.kg-1,NN,_,25,compound
1359809,208,x,24,x,x,NN,_,25,compound
1359809,209,min-1,25,min-1,min-1,NN,_,20,nmod
1359809,210,for,26,for,for,IN,_,27,case
1359809,211,maintenance,27,maintenance,maintenance,NN,_,25,nmod
1359809,212,.,28,.,.,.,_,18,punct
1359809,213,Anesthesia,1,Anesthesia,Anesthesia,NNP,_,3,nsubjpass
1359809,214,was,2,was,be,VBD,_,3,auxpass
1359809,215,induced,3,induced,induce,VBN,_,0,ROOT
1359809,216,with,4,with,with,IN,_,3,nmod
1359809,217,thiopental,5,thiopental,thiopental,JJ,_,4,root
1359809,218,(,6,-LRB-,-lrb-,-LRB-,_,8,punct
1359809,219,4.0,7,4.0,4.0,CD,_,8,nummod
1359809,220,mg/kg,8,mg/kg,mg/kg,NN,_,5,dep
1359809,221,),9,-RRB-,-rrb-,-RRB-,_,8,punct
1359809,222,and,10,and,and,CC,_,5,cc
1359809,223,maintained,11,maintained,maintain,VBN,_,5,conj
1359809,224,with,12,with,with,IN,_,13,case
1359809,225,isoflurane,13,isoflurane,isoflurane,NN,_,11,nmod
1359809,226,in,14,in,in,IN,_,18,case
1359809,227,70,15,70,70,CD,_,16,compound
1359809,228,%,16,%,%,NN,_,18,amod
1359809,229,nitrous,17,nitrous,nitrous,JJ,_,18,amod
1359809,230,oxide,18,oxide,oxide,NN,_,11,nmod
1359809,231,and,19,and,and,CC,_,18,cc
1359809,232,oxygen,20,oxygen,oxygen,NN,_,18,conj
1359809,233,.,21,.,.,.,_,5,punct
1359809,234,Isoflurane,1,Isoflurane,isoflurane,NN,_,3,nsubjpass
1359809,235,was,2,was,be,VBD,_,3,auxpass
1359809,236,administered,3,administered,administer,VBN,_,0,ROOT
1359809,237,according,4,according,accord,VBG,_,8,case
1359809,238,to,5,to,to,TO,_,4,mwe
1359809,239,predetermined,6,predetermined,predetermined,JJ,_,8,amod
1359809,240,hemodynamic,7,hemodynamic,hemodynamic,JJ,_,8,amod
1359809,241,criteria,8,criteria,criterion,NNS,_,3,nmod
1359809,242,.,9,.,.,.,_,3,punct
1359809,243,Dexmedetomidine,1,Dexmedetomidine,dexmedetomidine,JJ,_,2,amod
1359809,244,infusion,2,infusion,infusion,NN,_,6,nsubj
1359809,245,did,3,did,do,VBD,_,6,aux
1359809,246,not,4,not,not,RB,_,6,neg
1359809,247,completely,5,completely,completely,RB,_,6,advmod
1359809,248,abolish,6,abolish,abolish,VB,_,0,ROOT
1359809,249,the,7,the,the,DT,_,8,det
1359809,250,need,8,need,need,NN,_,6,dobj
1359809,251,for,9,for,for,IN,_,10,case
1359809,252,isoflurane,10,isoflurane,isoflurane,NN,_,8,nmod
1359809,253,but,11,but,but,CC,_,6,cc
1359809,254,diminished,12,diminished,diminish,VBD,_,6,conj
1359809,255,its,13,its,its,PRP$,_,14,nmod:poss
1359809,256,requirement,14,requirement,requirement,NN,_,12,dobj
1359809,257,by,15,by,by,IN,_,18,case
1359809,258,>,16,>,>,JJR,_,17,advmod
1359809,259,90,17,90,90,CD,_,18,nummod
1359809,260,%,18,%,%,NN,_,12,nmod
1359809,261,(,19,-LRB-,-lrb-,-LRB-,_,20,punct
1359809,262,P,20,P,p,NN,_,18,dep
1359809,263,=,21,=,=,JJ,_,20,amod
1359809,264,0.02,22,0.02,0.02,CD,_,21,dep
1359809,265,),23,-RRB-,-rrb-,-RRB-,_,20,punct
1359809,266,.,24,.,.,.,_,6,punct
1359809,267,The,1,The,the,DT,_,4,det
1359809,268,heart,2,heart,heart,NN,_,4,compound
1359809,269,rate,3,rate,rate,NN,_,4,compound
1359809,270,response,4,response,response,NN,_,10,nsubjpass
1359809,271,to,5,to,to,TO,_,7,case
1359809,272,endotracheal,6,endotracheal,endotracheal,JJ,_,7,amod
1359809,273,intubation,7,intubation,intubation,NN,_,4,nmod
1359809,274,was,8,was,be,VBD,_,10,auxpass
1359809,275,significantly,9,significantly,significantly,RB,_,10,advmod
1359809,276,blunted,10,blunted,blunt,VBN,_,0,ROOT
1359809,277,.,11,.,.,.,_,10,punct
