doc,idx,Word_EBM,Sent_pos,Word,Lemma,UPOS,XPOS,HEAD,DEPREL
15283485,0,Long-term,1,Long-term,long-term,JJ,_,2,amod
15283485,1,quality,2,quality,quality,NN,_,0,ROOT
15283485,2,of,3,of,of,IN,_,5,case
15283485,3,life,4,life,life,NN,_,5,compound
15283485,4,measures,5,measures,measure,NNS,_,2,nmod
15283485,5,after,6,after,after,IN,_,10,case
15283485,6,functional,7,functional,functional,JJ,_,10,amod
15283485,7,endoscopic,8,endoscopic,endoscopic,JJ,_,10,amod
15283485,8,sinus,9,sinus,sinus,NN,_,10,compound
15283485,9,surgery,10,surgery,surgery,NN,_,2,nmod
15283485,10,.,11,.,.,.,_,2,punct
15283485,11,BACKGROUND,1,BACKGROUND,background,NN,_,3,compound
15283485,12,Chronic,2,Chronic,chronic,JJ,_,3,amod
15283485,13,rhinosinusitis,3,rhinosinusitis,rhinosinusitis,NN,_,10,nsubj
15283485,14,(,4,-LRB-,-lrb-,-LRB-,_,5,punct
15283485,15,CRS,5,CRS,CRS,NNP,_,3,appos
15283485,16,),6,-RRB-,-rrb-,-RRB-,_,5,punct
15283485,17,is,7,is,be,VBZ,_,10,cop
15283485,18,a,8,a,a,DT,_,10,det
15283485,19,common,9,common,common,JJ,_,10,amod
15283485,20,disease,10,disease,disease,NN,_,0,ROOT
15283485,21,that,11,that,that,WDT,_,12,nsubj
15283485,22,has,12,has,have,VBZ,_,10,acl:relcl
15283485,23,a,13,a,a,DT,_,15,det
15283485,24,significant,14,significant,significant,JJ,_,15,amod
15283485,25,impact,15,impact,impact,NN,_,12,dobj
15283485,26,on,16,on,on,IN,_,17,case
15283485,27,quality,17,quality,quality,NN,_,15,nmod
15283485,28,of,18,of,of,IN,_,19,case
15283485,29,life,19,life,life,NN,_,17,nmod
15283485,30,(,20,-LRB-,-lrb-,-LRB-,_,21,punct
15283485,31,QOL,21,QOL,qol,NN,_,19,appos
15283485,32,),22,-RRB-,-rrb-,-RRB-,_,21,punct
15283485,33,.,23,.,.,.,_,10,punct
15283485,34,The,1,The,the,DT,_,2,det
15283485,35,aim,2,aim,aim,NN,_,6,nsubj
15283485,36,of,3,of,of,IN,_,5,case
15283485,37,this,4,this,this,DT,_,5,det
15283485,38,study,5,study,study,NN,_,2,nmod
15283485,39,was,6,was,be,VBD,_,0,ROOT
15283485,40,to,7,to,to,TO,_,8,mark
15283485,41,evaluate,8,evaluate,evaluate,VB,_,6,xcomp
15283485,42,the,9,the,the,DT,_,11,det
15283485,43,longer-term,10,longer-term,longer-term,JJ,_,11,amod
15283485,44,effects,11,effects,effect,NNS,_,8,dobj
15283485,45,of,12,of,of,IN,_,17,case
15283485,46,combined,13,combined,combined,JJ,_,17,amod
15283485,47,medical,14,medical,medical,JJ,_,17,amod
15283485,48,and,15,and,and,CC,_,14,cc
15283485,49,surgical,16,surgical,surgical,JJ,_,14,conj
15283485,50,therapy,17,therapy,therapy,NN,_,11,nmod
15283485,51,for,18,for,for,IN,_,19,case
15283485,52,CRS,19,CRS,CRS,NNP,_,11,nmod
15283485,53,on,20,on,on,IN,_,23,case
15283485,54,overall,21,overall,overall,JJ,_,23,amod
15283485,55,health,22,health,health,NN,_,23,compound
15283485,56,status,23,status,status,NN,_,11,nmod
15283485,57,and,24,and,and,CC,_,23,cc
15283485,58,QOL,25,QOL,qol,NN,_,23,conj
15283485,59,.,26,.,.,.,_,6,punct
15283485,60,METHODS,1,METHODS,method,NNS,_,0,ROOT
15283485,61,We,2,We,we,PRP,_,3,nsubj
15283485,62,used,3,used,use,VBD,_,1,acl:relcl
15283485,63,a,4,a,a,DT,_,6,det
15283485,64,prospective,5,prospective,prospective,JJ,_,6,amod
15283485,65,study,6,study,study,NN,_,3,dobj
15283485,66,that,7,that,that,WDT,_,8,nsubj
15283485,67,utilized,8,utilized,utilize,VBD,_,6,acl:relcl
15283485,68,the,9,the,the,DT,_,12,det
15283485,69,Short-Form,10,Short-Form,Short-Form,NNP,_,12,compound
15283485,70,36,11,36,36,CD,_,12,nummod
15283485,71,Survey,12,Survey,survey,NN,_,8,dobj
15283485,72,at,13,at,at,IN,_,15,case
15283485,73,baseline,14,baseline,baseline,NN,_,15,compound
15283485,74,presentation,15,presentation,presentation,NN,_,8,nmod
15283485,75,and,16,and,and,CC,_,8,cc
15283485,76,at,17,at,at,IN,_,20,case
15283485,77,a,18,a,a,DT,_,20,det
15283485,78,mean,19,mean,mean,JJ,_,20,amod
15283485,79,time,20,time,time,NN,_,8,conj
15283485,80,of,21,of,of,IN,_,23,case
15283485,81,3,22,3,3,CD,_,23,nummod
15283485,82,years,23,years,year,NNS,_,20,nmod
15283485,83,post-functional,24,post-functional,post-functional,JJ,_,27,amod
15283485,84,endoscopic,25,endoscopic,endoscopic,JJ,_,27,amod
15283485,85,sinus,26,sinus,sinus,NN,_,27,compound
15283485,86,surgery,27,surgery,surgery,NN,_,20,dep
15283485,87,to,28,to,to,TO,_,29,mark
15283485,88,assess,29,assess,assess,VB,_,27,acl
15283485,89,the,30,the,the,DT,_,33,det
15283485,90,general,31,general,general,JJ,_,33,amod
15283485,91,health,32,health,health,NN,_,33,compound
15283485,92,status,33,status,status,NN,_,29,dobj
15283485,93,of,34,of,of,IN,_,35,case
15283485,94,patients,35,patients,patient,NNS,_,33,nmod
15283485,95,who,36,who,who,WP,_,37,nsubj
15283485,96,presented,37,presented,present,VBD,_,35,acl:relcl
15283485,97,for,38,for,for,IN,_,41,case
15283485,98,their,39,their,they,PRP$,_,41,nmod:poss
15283485,99,initial,40,initial,initial,JJ,_,41,amod
15283485,100,visitfrom,41,visitfrom,visitfrom,NN,_,37,nmod
15283485,101,1996,42,1996,1996,CD,_,41,nummod
15283485,102,to,43,to,to,TO,_,44,case
15283485,103,1998,44,1998,1998,CD,_,37,nmod
15283485,104,.,45,.,.,.,_,1,punct
15283485,105,Of,1,Of,of,IN,_,6,case
15283485,106,the,2,the,the,DT,_,6,det
15283485,107,200,3,200,200,CD,_,6,nummod
15283485,108,randomly,4,randomly,randomly,RB,_,5,advmod
15283485,109,selected,5,selected,select,VBN,_,6,amod
15283485,110,patients,6,patients,patient,NNS,_,10,nmod
15283485,111,",",7,",",",",",",_,10,punct
15283485,112,150,8,150,150,CD,_,9,nummod
15283485,113,respondents,9,respondents,respondent,NNS,_,10,nsubj
15283485,114,completed,10,completed,complete,VBD,_,0,ROOT
15283485,115,follow-up,11,follow-up,follow-up,JJ,_,12,amod
15283485,116,surveys,12,surveys,survey,NNS,_,10,dobj
15283485,117,(,13,-LRB-,-lrb-,-LRB-,_,18,punct
15283485,118,a,14,a,a,DT,_,18,det
15283485,119,75,15,75,75,CD,_,16,compound
15283485,120,%,16,%,%,NN,_,18,amod
15283485,121,response,17,response,response,NN,_,18,compound
15283485,122,rate,18,rate,rate,NN,_,12,appos
15283485,123,),19,-RRB-,-rrb-,-RRB-,_,18,punct
15283485,124,.,20,.,.,.,_,10,punct
15283485,125,RESULTS,1,RESULTS,result,NNS,_,7,compound
15283485,126,Eighty-nine,2,Eighty-nine,eighty-nine,CD,_,1,nummod
15283485,127,(,3,-LRB-,-lrb-,-LRB-,_,5,punct
15283485,128,59.3,4,59.3,59.3,CD,_,5,nummod
15283485,129,%,5,%,%,NN,_,1,appos
15283485,130,),6,-RRB-,-rrb-,-RRB-,_,5,punct
15283485,131,women,7,women,woman,NNS,_,16,nsubjpass
15283485,132,and,8,and,and,CC,_,7,cc
15283485,133,61,9,61,61,CD,_,14,nummod
15283485,134,(,10,-LRB-,-lrb-,-LRB-,_,12,punct
15283485,135,40.7,11,40.7,40.7,CD,_,12,nummod
15283485,136,%,12,%,%,NN,_,9,appos
15283485,137,),13,-RRB-,-rrb-,-RRB-,_,12,punct
15283485,138,men,14,men,man,NNS,_,7,conj
15283485,139,were,15,were,be,VBD,_,16,auxpass
15283485,140,included,16,included,include,VBN,_,0,ROOT
15283485,141,in,17,in,in,IN,_,19,case
15283485,142,the,18,the,the,DT,_,19,det
15283485,143,study,19,study,study,NN,_,16,nmod
15283485,144,.,20,.,.,.,_,16,punct
15283485,145,Baseline,1,Baseline,baseline,NN,_,3,compound
15283485,146,QOL,2,QOL,qol,NN,_,3,compound
15283485,147,scores,3,scores,score,NNS,_,4,nsubj
15283485,148,indicated,4,indicated,indicate,VBD,_,0,ROOT
15283485,149,significant,5,significant,significant,JJ,_,6,amod
15283485,150,differences,6,differences,difference,NNS,_,4,dobj
15283485,151,between,7,between,between,IN,_,8,case
15283485,152,patients,8,patients,patient,NNS,_,6,nmod
15283485,153,with,9,with,with,IN,_,10,case
15283485,154,CRS,10,CRS,CRS,NNP,_,8,nmod
15283485,155,and,11,and,and,CC,_,8,cc
15283485,156,published,12,published,publish,VBN,_,13,amod
15283485,157,norms,13,norms,norm,NNS,_,8,conj
15283485,158,in,14,in,in,IN,_,17,case
15283485,159,6/8,15,6/8,6/8,CD,_,17,nummod
15283485,160,subscale,16,subscale,subscale,JJ,_,17,amod
15283485,161,parameters,17,parameters,parameter,NNS,_,13,nmod
15283485,162,(,18,-LRB-,-lrb-,-LRB-,_,19,punct
15283485,163,role,19,role,role,NN,_,13,dep
15283485,164,physical,20,physical,physical,JJ,_,19,amod
15283485,165,",",21,",",",",",",_,19,punct
15283485,166,bodily,22,bodily,bodily,JJ,_,23,amod
15283485,167,pain,23,pain,pain,NN,_,19,conj
15283485,168,",",24,",",",",",",_,19,punct
15283485,169,general,25,general,general,JJ,_,26,amod
15283485,170,health,26,health,health,NN,_,19,conj
15283485,171,",",27,",",",",",",_,19,punct
15283485,172,social,28,social,social,JJ,_,29,amod
15283485,173,function,29,function,function,NN,_,19,conj
15283485,174,",",30,",",",",",",_,19,punct
15283485,175,vitality,31,vitality,vitality,NN,_,19,conj
15283485,176,",",32,",",",",",",_,19,punct
15283485,177,and,33,and,and,CC,_,19,cc
15283485,178,mental,34,mental,mental,JJ,_,35,amod
15283485,179,health,35,health,health,NN,_,19,conj
15283485,180,),36,-RRB-,-rrb-,-RRB-,_,19,punct
15283485,181,.,37,.,.,.,_,4,punct
15283485,182,Significant,1,Significant,significant,JJ,_,2,amod
15283485,183,improvement,2,improvement,improvement,NN,_,8,nsubjpass
15283485,184,in,3,in,in,IN,_,6,case
15283485,185,all,4,all,all,DT,_,6,det
15283485,186,six,5,six,six,CD,_,6,nummod
15283485,187,categories,6,categories,category,NNS,_,2,nmod
15283485,188,was,7,was,be,VBD,_,8,auxpass
15283485,189,maintained,8,maintained,maintain,VBN,_,0,ROOT
15283485,190,at,9,at,at,IN,_,11,case
15283485,191,the,10,the,the,DT,_,11,det
15283485,192,end,11,end,end,NN,_,8,nmod
15283485,193,of,12,of,of,IN,_,15,case
15283485,194,the,13,the,the,DT,_,15,det
15283485,195,study,14,study,study,NN,_,15,compound
15283485,196,period,15,period,period,NN,_,11,nmod
15283485,197,(,16,-LRB-,-lrb-,-LRB-,_,18,punct
15283485,198,p,17,p,p,NN,_,18,dep
15283485,199,<,18,<,<,JJR,_,8,parataxis
15283485,200,0.05,19,0.05,0.05,CD,_,18,nummod
15283485,201,),20,-RRB-,-rrb-,-RRB-,_,18,punct
15283485,202,with,21,with,with,IN,_,23,case
15283485,203,QOL,22,QOL,qol,NN,_,23,compound
15283485,204,scores,23,scores,score,NNS,_,8,nmod
15283485,205,within,24,within,within,IN,_,25,case
15283485,206,limits,25,limits,limit,NNS,_,23,nmod
15283485,207,of,26,of,of,IN,_,28,case
15283485,208,published,27,published,publish,VBN,_,28,amod
15283485,209,norms,28,norms,norm,NNS,_,25,nmod
15283485,210,for,29,for,for,IN,_,32,case
15283485,211,the,30,the,the,DT,_,32,det
15283485,212,general,31,general,general,JJ,_,32,amod
15283485,213,population,32,population,population,NN,_,28,nmod
15283485,214,.,33,.,.,.,_,8,punct
15283485,215,CONCLUSION,1,CONCLUSION,conclusion,NN,_,0,ROOT
15283485,216,Our,2,Our,we,PRP$,_,3,nmod:poss
15283485,217,data,3,data,datum,NNS,_,4,nsubj
15283485,218,indicate,4,indicate,indicate,VBP,_,1,acl:relcl
15283485,219,that,5,that,that,IN,_,18,mark
15283485,220,functional,6,functional,functional,JJ,_,9,amod
15283485,221,endoscopic,7,endoscopic,endoscopic,JJ,_,9,amod
15283485,222,sinus,8,sinus,sinus,NN,_,9,compound
15283485,223,surgery,9,surgery,surgery,NN,_,18,nsubj
15283485,224,",",10,",",",",",",_,9,punct
15283485,225,combined,11,combined,combine,VBN,_,9,acl
15283485,226,with,12,with,with,IN,_,15,case
15283485,227,appropriate,13,appropriate,appropriate,JJ,_,15,amod
15283485,228,postoperative,14,postoperative,postoperative,JJ,_,15,amod
15283485,229,care,15,care,care,NN,_,11,nmod
15283485,230,",",16,",",",",",",_,9,punct
15283485,231,is,17,is,be,VBZ,_,18,cop
15283485,232,effective,18,effective,effective,JJ,_,4,ccomp
15283485,233,at,19,at,at,IN,_,20,mark
15283485,234,maintaining,20,maintaining,maintain,VBG,_,18,advcl
15283485,235,a,21,a,a,DT,_,23,det
15283485,236,significant,22,significant,significant,JJ,_,23,amod
15283485,237,improvement,23,improvement,improvement,NN,_,20,dobj
15283485,238,in,24,in,in,IN,_,29,case
15283485,239,the,25,the,the,DT,_,29,det
15283485,240,overall,26,overall,overall,JJ,_,29,amod
15283485,241,general,27,general,general,JJ,_,29,amod
15283485,242,health,28,health,health,NN,_,29,compound
15283485,243,status,29,status,status,NN,_,20,nmod
15283485,244,of,30,of,of,IN,_,31,case
15283485,245,patients,31,patients,patient,NNS,_,29,nmod
15283485,246,for,32,for,for,IN,_,36,case
15283485,247,at,33,at,at,IN,_,34,case
15283485,248,least,34,least,least,JJS,_,35,nmod:npmod
15283485,249,3,35,3,3,CD,_,36,nummod
15283485,250,years,36,years,year,NNS,_,20,nmod
15283485,251,after,37,after,after,IN,_,39,case
15283485,252,surgical,38,surgical,surgical,JJ,_,39,amod
15283485,253,intervention,39,intervention,intervention,NN,_,36,nmod
15283485,254,and,40,and,and,CC,_,18,cc
15283485,255,that,41,that,that,IN,_,45,mark
15283485,256,the,42,the,the,DT,_,44,det
15283485,257,overall,43,overall,overall,JJ,_,44,amod
15283485,258,scores,44,scores,score,NNS,_,45,nsubj
15283485,259,return,45,return,return,VBP,_,18,conj
15283485,260,to,46,to,to,TO,_,48,case
15283485,261,a,47,a,a,DT,_,48,det
15283485,262,range,48,range,range,NN,_,45,nmod
15283485,263,of,49,of,of,IN,_,51,case
15283485,264,normative,50,normative,normative,JJ,_,51,amod
15283485,265,values,51,values,value,NNS,_,48,nmod
15283485,266,for,52,for,for,IN,_,55,case
15283485,267,the,53,the,the,DT,_,55,det
15283485,268,general,54,general,general,JJ,_,55,amod
15283485,269,population,55,population,population,NN,_,51,nmod
15283485,270,.,56,.,.,.,_,1,punct
