doc,idx,Word_EBM,Sent_pos,Word,Lemma,UPOS,XPOS,HEAD,DEPREL
15587240,0,Scent,1,Scent,Scent,NNP,_,4,compound
15587240,1,and,2,and,and,CC,_,1,cc
15587240,2,mood,3,mood,mood,NN,_,1,conj
15587240,3,state,4,state,state,NN,_,0,ROOT
15587240,4,following,5,following,follow,VBG,_,8,case
15587240,5,an,6,an,a,DT,_,8,det
15587240,6,anxiety-provoking,7,anxiety-provoking,anxiety-provoking,JJ,_,8,amod
15587240,7,task,8,task,task,NN,_,4,nmod
15587240,8,.,9,.,.,.,_,4,punct
15587240,9,The,1,The,the,DT,_,2,det
15587240,10,purpose,2,purpose,purpose,NN,_,6,nsubj
15587240,11,of,3,of,of,IN,_,5,case
15587240,12,this,4,this,this,DT,_,5,det
15587240,13,study,5,study,study,NN,_,2,nmod
15587240,14,was,6,was,be,VBD,_,0,ROOT
15587240,15,to,7,to,to,TO,_,8,mark
15587240,16,assess,8,assess,assess,VB,_,6,xcomp
15587240,17,the,9,the,the,DT,_,10,det
15587240,18,effects,10,effects,effect,NNS,_,8,dobj
15587240,19,of,11,of,of,IN,_,12,case
15587240,20,water,12,water,water,NN,_,10,nmod
15587240,21,",",13,",",",",",",_,12,punct
15587240,22,lavender,14,lavender,lavender,NN,_,12,conj
15587240,23,",",15,",",",",",",_,12,punct
15587240,24,or,16,or,or,CC,_,12,cc
15587240,25,rosemary,17,rosemary,rosemary,NN,_,18,compound
15587240,26,scent,18,scent,scent,NN,_,12,conj
15587240,27,on,19,on,on,IN,_,20,case
15587240,28,physiology,20,physiology,physiology,NN,_,10,nmod
15587240,29,and,21,and,and,CC,_,20,cc
15587240,30,mood,22,mood,mood,NN,_,23,compound
15587240,31,state,23,state,state,NN,_,20,conj
15587240,32,following,24,following,follow,VBG,_,27,case
15587240,33,an,25,an,a,DT,_,27,det
15587240,34,anxiety-provoking,26,anxiety-provoking,anxiety-provoking,JJ,_,27,amod
15587240,35,task,27,task,task,NN,_,8,nmod
15587240,36,.,28,.,.,.,_,6,punct
15587240,37,The,1,The,the,DT,_,3,det
15587240,38,nonsmoking,2,nonsmoking,nonsmoking,JJ,_,3,amod
15587240,39,participants,3,participants,participant,NNS,_,9,nsubj
15587240,40,",",4,",",",",",",_,3,punct
15587240,41,ages,5,ages,age,NNS,_,3,appos
15587240,42,18-30,6,18-30,18-30,CD,_,7,nummod
15587240,43,years,7,years,year,NNS,_,5,dep
15587240,44,",",8,",",",",",",_,3,punct
15587240,45,included,9,included,include,VBD,_,0,ROOT
15587240,46,42,10,42,42,CD,_,11,nummod
15587240,47,women,11,women,woman,NNS,_,28,nsubjpass
15587240,48,and,12,and,and,CC,_,11,cc
15587240,49,31,13,31,31,CD,_,14,nummod
15587240,50,men,14,men,man,NNS,_,11,conj
15587240,51,who,15,who,who,WP,_,16,nsubj
15587240,52,reported,16,reported,report,VBD,_,14,acl:relcl
15587240,53,demographic,17,demographic,demographic,JJ,_,18,amod
15587240,54,information,18,information,information,NN,_,16,dobj
15587240,55,and,19,and,and,CC,_,18,cc
15587240,56,measures,20,measures,measure,NNS,_,18,conj
15587240,57,of,21,of,of,IN,_,23,case
15587240,58,external,22,external,external,JJ,_,23,amod
15587240,59,temperature,23,temperature,temperature,NN,_,20,nmod
15587240,60,and,24,and,and,CC,_,23,cc
15587240,61,heart,25,heart,heart,NN,_,26,compound
15587240,62,rate,26,rate,rate,NN,_,23,conj
15587240,63,were,27,were,be,VBD,_,28,auxpass
15587240,64,taken,28,taken,take,VBN,_,9,ccomp
15587240,65,prior,29,prior,prior,RB,_,31,advmod
15587240,66,to,30,to,to,TO,_,31,case
15587240,67,introduction,31,introduction,introduction,NN,_,28,nmod
15587240,68,of,32,of,of,IN,_,35,case
15587240,69,an,33,an,a,DT,_,35,det
15587240,70,anxiety-eliciting,34,anxiety-eliciting,anxiety-eliciting,JJ,_,35,amod
15587240,71,task,35,task,task,NN,_,31,nmod
15587240,72,and,36,and,and,CC,_,35,cc
15587240,73,exposure,37,exposure,exposure,NN,_,35,conj
15587240,74,to,38,to,to,TO,_,39,case
15587240,75,lavender,39,lavender,lavender,NN,_,37,nmod
15587240,76,",",40,",",",",",",_,39,punct
15587240,77,rosemary,41,rosemary,rosemary,NN,_,39,conj
15587240,78,",",42,",",",",",",_,39,punct
15587240,79,or,43,or,or,CC,_,39,cc
15587240,80,water,44,water,water,NN,_,45,compound
15587240,81,scents,45,scents,scent,NNS,_,39,conj
15587240,82,.,46,.,.,.,_,9,punct
15587240,83,Following,1,Following,follow,VBG,_,3,case
15587240,84,the,2,the,the,DT,_,3,det
15587240,85,task,3,task,task,NN,_,6,nmod
15587240,86,",",4,",",",",",",_,6,punct
15587240,87,participants,5,participants,participant,NNS,_,6,nsubj
15587240,88,completed,6,completed,complete,VBD,_,0,ROOT
15587240,89,the,7,the,the,DT,_,8,det
15587240,90,Profile,8,Profile,Profile,NNP,_,6,dobj
15587240,91,of,9,of,of,IN,_,11,case
15587240,92,Mood,10,Mood,Mood,NNP,_,11,compound
15587240,93,States,11,States,States,NNPS,_,8,nmod
15587240,94,to,12,to,to,TO,_,13,mark
15587240,95,assess,13,assess,assess,VB,_,6,xcomp
15587240,96,mood,14,mood,mood,NN,_,13,dobj
15587240,97,",",15,",",",",",",_,13,punct
15587240,98,and,16,and,and,CC,_,13,cc
15587240,99,temperature,17,temperature,temperature,NN,_,20,compound
15587240,100,and,18,and,and,CC,_,17,cc
15587240,101,heart,19,heart,heart,NN,_,17,conj
15587240,102,rate,20,rate,rate,NN,_,22,nsubjpass
15587240,103,were,21,were,be,VBD,_,22,auxpass
15587240,104,reassessed,22,reassessed,reassess,VBN,_,13,conj
15587240,105,.,23,.,.,.,_,6,punct
15587240,106,Participants,1,Participants,participant,NNS,_,2,nsubj
15587240,107,rated,2,rated,rate,VBD,_,0,ROOT
15587240,108,the,3,the,the,DT,_,4,det
15587240,109,pleasantness,4,pleasantness,pleasantness,NN,_,2,dobj
15587240,110,of,5,of,of,IN,_,7,case
15587240,111,the,6,the,the,DT,_,7,det
15587240,112,scent,7,scent,scent,JJ,_,4,nmod
15587240,113,received,8,received,receive,VBN,_,7,acl
15587240,114,.,9,.,.,.,_,2,punct
15587240,115,When,1,When,when,WRB,_,7,advmod
15587240,116,pleasantness,2,pleasantness,pleasantness,NN,_,3,compound
15587240,117,ratings,3,ratings,rating,NNS,_,7,nsubjpass
15587240,118,of,4,of,of,IN,_,5,case
15587240,119,scent,5,scent,scent,NN,_,3,nmod
15587240,120,were,6,were,be,VBD,_,7,auxpass
15587240,121,covaried,7,covaried,covary,VBN,_,18,advcl
15587240,122,",",8,",",",",",",_,18,punct
15587240,123,physiological,9,physiological,physiological,JJ,_,10,amod
15587240,124,changes,10,changes,change,NNS,_,18,nsubj
15587240,125,in,11,in,in,IN,_,12,case
15587240,126,temperature,12,temperature,temperature,NN,_,10,nmod
15587240,127,and,13,and,and,CC,_,12,cc
15587240,128,heart,14,heart,heart,NN,_,15,compound
15587240,129,rate,15,rate,rate,NN,_,12,conj
15587240,130,did,16,did,do,VBD,_,18,aux
15587240,131,not,17,not,not,RB,_,18,neg
15587240,132,differ,18,differ,differ,VB,_,0,ROOT
15587240,133,based,19,based,base,VBN,_,22,case
15587240,134,on,20,on,on,IN,_,22,case
15587240,135,scent,21,scent,scent,JJ,_,22,amod
15587240,136,exposure,22,exposure,exposure,NN,_,18,advcl
15587240,137,",",23,",",",",",",_,18,punct
15587240,138,but,24,but,but,CC,_,18,cc
15587240,139,mood,25,mood,mood,NN,_,26,compound
15587240,140,ratings,26,ratings,rating,NNS,_,18,conj
15587240,141,differed,27,differed,differ,VBN,_,26,acl
15587240,142,by,28,by,by,IN,_,30,case
15587240,143,scent,29,scent,scent,JJ,_,30,amod
15587240,144,condition,30,condition,condition,NN,_,27,nmod
15587240,145,.,31,.,.,.,_,18,punct
15587240,146,Participants,1,Participants,participant,NNS,_,6,nsubj
15587240,147,in,2,in,in,IN,_,5,case
15587240,148,the,3,the,the,DT,_,5,det
15587240,149,rosemary,4,rosemary,rosemary,NN,_,5,compound
15587240,150,condition,5,condition,condition,NN,_,1,nmod
15587240,151,scored,6,scored,score,VBD,_,0,ROOT
15587240,152,higher,7,higher,higher,JJR,_,6,advmod
15587240,153,on,8,on,on,IN,_,9,case
15587240,154,measures,9,measures,measure,NNS,_,6,nmod
15587240,155,of,10,of,of,IN,_,11,case
15587240,156,tension-anxiety,11,tension-anxiety,tension-anxiety,NN,_,9,nmod
15587240,157,and,12,and,and,CC,_,11,cc
15587240,158,confusion-bewilderment,13,confusion-bewilderment,confusion-bewilderment,NN,_,11,conj
15587240,159,relative,14,relative,relative,JJ,_,9,amod
15587240,160,to,15,to,to,TO,_,20,case
15587240,161,the,16,the,the,DT,_,20,det
15587240,162,lavender,17,lavender,lavender,NN,_,20,compound
15587240,163,and,18,and,and,CC,_,17,cc
15587240,164,control,19,control,control,NN,_,17,conj
15587240,165,conditions,20,conditions,condition,NNS,_,14,nmod
15587240,166,.,21,.,.,.,_,6,punct
15587240,167,The,1,The,the,DT,_,5,det
15587240,168,lavender,2,lavender,lavender,NN,_,5,compound
15587240,169,and,3,and,and,CC,_,2,cc
15587240,170,control,4,control,control,NN,_,2,conj
15587240,171,conditions,5,conditions,condition,NNS,_,6,nsubj
15587240,172,showed,6,showed,show,VBD,_,0,ROOT
15587240,173,higher,7,higher,higher,JJR,_,10,amod
15587240,174,mean,8,mean,mean,JJ,_,10,amod
15587240,175,vigor-activity,9,vigor-activity,vigor-activity,NN,_,10,compound
15587240,176,ratings,10,ratings,rating,NNS,_,6,dobj
15587240,177,relative,11,relative,relative,JJ,_,10,amod
15587240,178,to,12,to,to,TO,_,15,case
15587240,179,the,13,the,the,DT,_,15,det
15587240,180,rosemary,14,rosemary,rosemary,NN,_,15,compound
15587240,181,group,15,group,group,NN,_,11,nmod
15587240,182,",",16,",",",",",",_,6,punct
15587240,183,while,17,while,while,IN,_,24,mark
15587240,184,both,18,both,both,DT,_,19,cc:preconj
15587240,185,rosemary,19,rosemary,rosemary,NN,_,24,nsubjpass
15587240,186,and,20,and,and,CC,_,19,cc
15587240,187,lavender,21,lavender,lavender,NN,_,22,compound
15587240,188,scents,22,scents,scent,NNS,_,19,conj
15587240,189,were,23,were,be,VBD,_,24,auxpass
15587240,190,associated,24,associated,associate,VBN,_,6,advcl
15587240,191,with,25,with,with,IN,_,28,case
15587240,192,lower,26,lower,lower,JJR,_,28,amod
15587240,193,mean,27,mean,mean,NN,_,28,compound
15587240,194,ratings,28,ratings,rating,NNS,_,24,nmod
15587240,195,on,29,on,on,IN,_,32,case
15587240,196,the,30,the,the,DT,_,32,det
15587240,197,fatigue-inertia,31,fatigue-inertia,fatigue-inertia,NN,_,32,compound
15587240,198,subscale,32,subscale,subscale,NN,_,28,nmod
15587240,199,",",33,",",",",",",_,24,punct
15587240,200,relative,34,relative,relative,JJ,_,24,advmod
15587240,201,to,35,to,to,TO,_,38,case
15587240,202,the,36,the,the,DT,_,38,det
15587240,203,control,37,control,control,NN,_,38,compound
15587240,204,group,38,group,group,NN,_,34,nmod
15587240,205,.,39,.,.,.,_,6,punct
15587240,206,These,1,These,these,DT,_,2,det
15587240,207,results,2,results,result,NNS,_,3,nsubj
15587240,208,suggest,3,suggest,suggest,VBP,_,0,ROOT
15587240,209,that,4,that,that,IN,_,16,mark
15587240,210,",",5,",",",",",",_,16,punct
15587240,211,when,6,when,when,WRB,_,13,advmod
15587240,212,individual,7,individual,individual,JJ,_,8,amod
15587240,213,perception,8,perception,perception,NN,_,13,nsubjpass
15587240,214,of,9,of,of,IN,_,11,case
15587240,215,scent,10,scent,scent,JJ,_,11,amod
15587240,216,pleasantness,11,pleasantness,pleasantness,NN,_,8,nmod
15587240,217,is,12,is,be,VBZ,_,13,auxpass
15587240,218,controlled,13,controlled,control,VBN,_,16,advcl
15587240,219,",",14,",",",",",",_,16,punct
15587240,220,scent,15,scent,scent,NN,_,16,nsubj
15587240,221,has,16,has,have,VBZ,_,3,ccomp
15587240,222,the,17,the,the,DT,_,18,det
15587240,223,potential,18,potential,potential,JJ,_,16,dobj
15587240,224,to,19,to,to,TO,_,22,case
15587240,225,moderate,20,moderate,moderate,JJ,_,22,amod
15587240,226,different,21,different,different,JJ,_,22,amod
15587240,227,aspects,22,aspects,aspect,NNS,_,18,nmod
15587240,228,of,23,of,of,IN,_,24,case
15587240,229,mood,24,mood,mood,NN,_,22,nmod
15587240,230,following,25,following,follow,VBG,_,28,case
15587240,231,an,26,an,a,DT,_,28,det
15587240,232,anxiety-provoking,27,anxiety-provoking,anxiety-provoking,JJ,_,28,amod
15587240,233,task,28,task,task,NN,_,16,nmod
15587240,234,.,29,.,.,.,_,3,punct
