doc,idx,Word_EBM,Sent_pos,Word,Lemma,UPOS,XPOS,HEAD,DEPREL
16124442,0,Efficacy,1,Efficacy,efficacy,NN,_,8,nsubj
16124442,1,and,2,and,and,CC,_,1,cc
16124442,2,safety,3,safety,safety,NN,_,1,conj
16124442,3,of,4,of,of,IN,_,5,case
16124442,4,zidovudine,5,zidovudine,zidovudine,NN,_,1,nmod
16124442,5,and,6,and,and,CC,_,5,cc
16124442,6,zalcitabine,7,zalcitabine,zalcitabine,NN,_,5,conj
16124442,7,combined,8,combined,combine,VBN,_,0,ROOT
16124442,8,with,9,with,with,IN,_,11,case
16124442,9,a,10,a,a,DT,_,11,det
16124442,10,combination,11,combination,combination,NN,_,8,nmod
16124442,11,of,12,of,of,IN,_,13,case
16124442,12,herbs,13,herbs,herb,NNS,_,11,nmod
16124442,13,in,14,in,in,IN,_,16,case
16124442,14,the,15,the,the,DT,_,16,det
16124442,15,treatment,16,treatment,treatment,NN,_,13,nmod
16124442,16,of,17,of,of,IN,_,20,case
16124442,17,HIV-infected,18,HIV-infected,hiv-infected,JJ,_,20,amod
16124442,18,Thai,19,Thai,Thai,NNP,_,20,compound
16124442,19,patients,20,patients,patient,NNS,_,16,nmod
16124442,20,.,21,.,.,.,_,8,punct
16124442,21,A,1,A,a,DT,_,5,det
16124442,22,randomized,2,randomized,randomize,VBN,_,5,amod
16124442,23,double,3,double,double,JJ,_,5,amod
16124442,24,blind,4,blind,blind,JJ,_,5,amod
16124442,25,placebo,5,placebo,placebo,NN,_,7,nsubj
16124442,26,controlled,6,controlled,control,VBN,_,7,amod
16124442,27,trial,7,trial,trial,NN,_,40,nsubjpass
16124442,28,to,8,to,to,TO,_,9,mark
16124442,29,determine,9,determine,determine,VB,_,7,acl
16124442,30,the,10,the,the,DT,_,11,det
16124442,31,efficacy,11,efficacy,efficacy,NN,_,9,dobj
16124442,32,and,12,and,and,CC,_,11,cc
16124442,33,safety,13,safety,safety,NN,_,11,conj
16124442,34,of,14,of,of,IN,_,15,case
16124442,35,combined-herbs,15,combined-herbs,combined-herb,NNS,_,11,nmod
16124442,36,(,16,-LRB-,-lrb-,-LRB-,_,17,punct
16124442,37,SH,17,SH,sh,NN,_,15,appos
16124442,38,),18,-RRB-,-rrb-,-RRB-,_,17,punct
16124442,39,given,19,given,give,VBN,_,15,acl
16124442,40,with,20,with,with,IN,_,21,case
16124442,41,zidovudine,21,zidovudine,zidovudine,NN,_,19,nmod
16124442,42,(,22,-LRB-,-lrb-,-LRB-,_,23,punct
16124442,43,ZDV,23,ZDV,zdv,NN,_,21,appos
16124442,44,),24,-RRB-,-rrb-,-RRB-,_,23,punct
16124442,45,and,25,and,and,CC,_,21,cc
16124442,46,zalcitabine,26,zalcitabine,zalcitabine,NN,_,21,conj
16124442,47,(,27,-LRB-,-lrb-,-LRB-,_,28,punct
16124442,48,ddC,28,ddC,ddc,NN,_,26,appos
16124442,49,),29,-RRB-,-rrb-,-RRB-,_,28,punct
16124442,50,for,30,for,for,IN,_,32,case
16124442,51,the,31,the,the,DT,_,32,det
16124442,52,treatment,32,treatment,treatment,NN,_,19,nmod
16124442,53,of,33,of,of,IN,_,35,case
16124442,54,HIV,34,HIV,hiv,NN,_,35,compound
16124442,55,infection,35,infection,infection,NN,_,32,nmod
16124442,56,in,36,in,in,IN,_,38,case
16124442,57,Thai,37,Thai,Thai,NNP,_,38,compound
16124442,58,adults,38,adults,adult,NNS,_,35,nmod
16124442,59,was,39,was,be,VBD,_,40,auxpass
16124442,60,conducted,40,conducted,conduct,VBN,_,0,ROOT
16124442,61,in,41,in,in,IN,_,43,case
16124442,62,3,42,3,3,CD,_,43,nummod
16124442,63,hospitals,43,hospitals,hospital,NNS,_,40,nmod
16124442,64,in,44,in,in,IN,_,46,case
16124442,65,northern,45,northern,northern,JJ,_,46,amod
16124442,66,Thailand,46,Thailand,Thailand,NNP,_,43,nmod
16124442,67,during,47,during,during,IN,_,48,case
16124442,68,2002,48,2002,2002,CD,_,40,nmod
16124442,69,to,49,to,to,TO,_,50,case
16124442,70,2003,50,2003,2003,CD,_,48,nmod
16124442,71,.,51,.,.,.,_,40,punct
16124442,72,The,1,The,the,DT,_,3,det
16124442,73,eligible,2,eligible,eligible,JJ,_,3,amod
16124442,74,subjects,3,subjects,subject,NNS,_,7,nsubj
16124442,75,were,4,were,be,VBD,_,7,cop
16124442,76,HIV-infected,5,HIV-infected,hiv-infected,JJ,_,7,amod
16124442,77,Thai,6,Thai,Thai,NNP,_,7,compound
16124442,78,adults,7,adults,adult,NNS,_,0,ROOT
16124442,79,who,8,who,who,WP,_,11,nsubj
16124442,80,had,9,had,have,VBD,_,11,aux
16124442,81,never,10,never,never,RB,_,11,neg
16124442,82,received,11,received,receive,VBN,_,7,acl:relcl
16124442,83,anti-retrovirals,12,anti-retrovirals,anti-retroviral,NNS,_,11,dobj
16124442,84,",",13,",",",",",",_,7,punct
16124442,85,had,14,had,have,VBD,_,7,conj
16124442,86,a,15,a,a,DT,_,18,det
16124442,87,Karnofski,16,Karnofski,Karnofski,NNP,_,18,compound
16124442,88,Performance,17,Performance,Performance,NNP,_,18,compound
16124442,89,Score,18,Score,score,NN,_,14,dobj
16124442,90,(,19,-LRB-,-lrb-,-LRB-,_,20,punct
16124442,91,KPS,20,KPS,kps,NN,_,18,appos
16124442,92,),21,-RRB-,-rrb-,-RRB-,_,20,punct
16124442,93,of,22,of,of,IN,_,26,case
16124442,94,>,23,>,>,JJR,_,26,advmod
16124442,95,or,24,or,or,CC,_,23,cc
16124442,96,=,25,=,=,JJ,_,23,conj
16124442,97,70,26,70,70,CD,_,18,nmod
16124442,98,",",27,",",",",",",_,7,punct
16124442,99,and,28,and,and,CC,_,7,cc
16124442,100,had,29,had,have,VBD,_,7,conj
16124442,101,no,30,no,no,DT,_,32,neg
16124442,102,opportunistic,31,opportunistic,opportunistic,JJ,_,32,amod
16124442,103,infections,32,infections,infection,NNS,_,29,dobj
16124442,104,.,33,.,.,.,_,7,punct
16124442,105,The,1,The,the,DT,_,2,det
16124442,106,subjects,2,subjects,subject,NNS,_,4,nsubjpass
16124442,107,were,3,were,be,VBD,_,4,auxpass
16124442,108,randomized,4,randomized,randomize,VBN,_,0,ROOT
16124442,109,to,5,to,to,TO,_,6,mark
16124442,110,receive,6,receive,receive,VB,_,4,xcomp
16124442,111,either,7,either,either,CC,_,9,cc:preconj
16124442,112,a,8,a,a,DT,_,9,det
16124442,113,combination,9,combination,combination,NN,_,6,dobj
16124442,114,of,10,of,of,IN,_,13,case
16124442,115,ZDV,11,ZDV,zdv,NN,_,13,compound
16124442,116,200,12,200,200,CD,_,13,nummod
16124442,117,mg,13,mg,mg,NN,_,9,nmod
16124442,118,three,14,three,three,CD,_,15,nummod
16124442,119,times,15,times,time,NNS,_,6,nmod:tmod
16124442,120,per,16,per,per,IN,_,17,case
16124442,121,day,17,day,day,NN,_,15,nmod
16124442,122,",",18,",",",",",",_,4,punct
16124442,123,ddC,19,ddC,ddc,NN,_,21,compound
16124442,124,0.75,20,0.75,0.75,CD,_,21,nummod
16124442,125,mg,21,mg,mg,NN,_,4,dep
16124442,126,three,22,three,three,CD,_,23,nummod
16124442,127,times,23,times,time,NNS,_,21,nmod:npmod
16124442,128,per,24,per,per,IN,_,25,case
16124442,129,day,25,day,day,NN,_,23,nmod
16124442,130,",",26,",",",",",",_,21,punct
16124442,131,and,27,and,and,CC,_,21,cc
16124442,132,SH,28,SH,sh,NN,_,30,compound
16124442,133,2.5,29,2.5,2.5,CD,_,30,nummod
16124442,134,g,30,g,g,NN,_,21,conj
16124442,135,three,31,three,three,CD,_,32,nummod
16124442,136,times,32,times,time,NNS,_,30,dep
16124442,137,per,33,per,per,IN,_,34,case
16124442,138,day,34,day,day,NN,_,32,nmod
16124442,139,or,35,or,or,CC,_,32,cc
16124442,140,a,36,a,a,DT,_,37,det
16124442,141,combination,37,combination,combination,NN,_,32,conj
16124442,142,of,38,of,of,IN,_,41,case
16124442,143,ZDV,39,ZDV,zdv,NN,_,41,compound
16124442,144,200,40,200,200,CD,_,41,nummod
16124442,145,mg,41,mg,mg,NN,_,37,nmod
16124442,146,three,42,three,three,CD,_,43,nummod
16124442,147,times,43,times,time,NNS,_,37,nmod:tmod
16124442,148,per,44,per,per,IN,_,45,case
16124442,149,day,45,day,day,NN,_,43,nmod
16124442,150,",",46,",",",",",",_,21,punct
16124442,151,ddC,47,ddC,ddc,NN,_,49,compound
16124442,152,0.75,48,0.75,0.75,CD,_,49,nummod
16124442,153,mg,49,mg,mg,NN,_,21,conj
16124442,154,three,50,three,three,CD,_,51,nummod
16124442,155,times,51,times,time,NNS,_,49,nmod:npmod
16124442,156,per,52,per,per,IN,_,53,case
16124442,157,day,53,day,day,NN,_,51,nmod
16124442,158,",",54,",",",",",",_,21,punct
16124442,159,and,55,and,and,CC,_,21,cc
16124442,160,placebo,56,placebo,placebo,NN,_,58,compound
16124442,161,2.5,57,2.5,2.5,CD,_,58,nummod
16124442,162,g,58,g,g,NN,_,21,conj
16124442,163,three,59,three,three,CD,_,60,nummod
16124442,164,times,60,times,time,NNS,_,58,nmod:npmod
16124442,165,per,61,per,per,IN,_,62,case
16124442,166,day,62,day,day,NN,_,60,nmod
16124442,167,for,63,for,for,IN,_,65,case
16124442,168,24,64,24,24,CD,_,65,nummod
16124442,169,weeks,65,weeks,week,NNS,_,21,nmod
16124442,170,.,66,.,.,.,_,4,punct
16124442,171,The,1,The,the,DT,_,4,det
16124442,172,main,2,main,main,JJ,_,4,amod
16124442,173,outcome,3,outcome,outcome,NN,_,4,compound
16124442,174,measures,4,measures,measure,NNS,_,6,nsubj
16124442,175,were,5,were,be,VBD,_,6,cop
16124442,176,HIV-RNA,6,HIV-RNA,hiv-rna,NN,_,0,ROOT
16124442,177,",",7,",",",",",",_,6,punct
16124442,178,CD4,8,CD4,cd4,NN,_,9,compound
16124442,179,cells,9,cells,cell,NNS,_,6,conj
16124442,180,",",10,",",",",",",_,6,punct
16124442,181,and,11,and,and,CC,_,6,cc
16124442,182,blood,12,blood,blood,NN,_,14,compound
16124442,183,chemistry,13,chemistry,chemistry,NN,_,14,compound
16124442,184,profiles,14,profiles,profile,NNS,_,6,conj
16124442,185,prior,15,prior,prior,RB,_,14,amod
16124442,186,to,16,to,to,TO,_,18,case
16124442,187,the,17,the,the,DT,_,18,det
16124442,188,treatment,18,treatment,treatment,NN,_,15,nmod
16124442,189,and,19,and,and,CC,_,6,cc
16124442,190,then,20,then,then,RB,_,23,advmod
16124442,191,every,21,every,every,DT,_,23,det
16124442,192,4,22,4,4,CD,_,23,nummod
16124442,193,weeks,23,weeks,week,NNS,_,6,conj
16124442,194,for,24,for,for,IN,_,26,case
16124442,195,24,25,24,24,CD,_,26,nummod
16124442,196,weeks,26,weeks,week,NNS,_,23,nmod
16124442,197,.,27,.,.,.,_,6,punct
16124442,198,The,1,The,the,DT,_,3,det
16124442,199,baseline,2,baseline,baseline,NN,_,3,compound
16124442,200,characteristics,3,characteristics,characteristic,NNS,_,24,nsubj
16124442,201,of,4,of,of,IN,_,7,case
16124442,202,60,5,60,60,CD,_,7,nummod
16124442,203,evaluable,6,evaluable,evaluable,JJ,_,7,amod
16124442,204,subjects,7,subjects,subject,NNS,_,3,nmod
16124442,205,",",8,",",",",",",_,7,punct
16124442,206,40,9,40,40,CD,_,7,appos
16124442,207,in,10,in,in,IN,_,13,case
16124442,208,the,11,the,the,DT,_,13,det
16124442,209,SH,12,SH,sh,NN,_,13,compound
16124442,210,group,13,group,group,NN,_,9,nmod
16124442,211,and,14,and,and,CC,_,9,cc
16124442,212,20,15,20,20,CD,_,9,conj
16124442,213,in,16,in,in,IN,_,19,case
16124442,214,the,17,the,the,DT,_,19,det
16124442,215,placebo,18,placebo,placebo,NN,_,19,compound
16124442,216,group,19,group,group,NN,_,15,nmod
16124442,217,",",20,",",",",",",_,7,punct
16124442,218,were,21,were,be,VBD,_,24,cop
16124442,219,not,22,not,not,RB,_,24,neg
16124442,220,significantly,23,significantly,significantly,RB,_,24,advmod
16124442,221,different,24,different,different,JJ,_,0,ROOT
16124442,222,.,25,.,.,.,_,24,punct
16124442,223,HIV,1,HIV,hiv,NN,_,2,compound
16124442,224,RNA,2,RNA,rna,NN,_,0,ROOT
16124442,225,at,3,at,at,IN,_,4,case
16124442,226,week,4,week,week,NN,_,2,nmod
16124442,227,4,5,4,4,CD,_,4,nummod
16124442,228,and,6,and,and,CC,_,2,cc
16124442,229,thereafter,7,thereafter,thereafter,RB,_,10,advmod
16124442,230,was,8,was,be,VBD,_,10,auxpass
16124442,231,significantly,9,significantly,significantly,RB,_,10,advmod
16124442,232,decreased,10,decreased,decrease,VBN,_,2,conj
16124442,233,from,11,from,from,IN,_,14,case
16124442,234,the,12,the,the,DT,_,14,det
16124442,235,baseline,13,baseline,baseline,NN,_,14,compound
16124442,236,value,14,value,value,NN,_,10,nmod
16124442,237,in,15,in,in,IN,_,17,case
16124442,238,both,16,both,both,DT,_,17,det
16124442,239,groups,17,groups,group,NNS,_,14,nmod
16124442,240,(,18,-LRB-,-lrb-,-LRB-,_,20,punct
16124442,241,p,19,p,p,NN,_,20,dep
16124442,242,<,20,<,<,JJR,_,10,parataxis
16124442,243,0.001,21,0.001,0.001,CD,_,20,nummod
16124442,244,),22,-RRB-,-rrb-,-RRB-,_,20,punct
16124442,245,.,23,.,.,.,_,2,punct
16124442,246,However,1,However,however,RB,_,14,advmod
16124442,247,",",2,",",",",",",_,14,punct
16124442,248,the,3,the,the,DT,_,4,det
16124442,249,decline,4,decline,decline,NN,_,14,nsubj
16124442,250,in,5,in,in,IN,_,7,case
16124442,251,HIV,6,HIV,hiv,NN,_,7,compound
16124442,252,RNA,7,RNA,rna,NN,_,4,nmod
16124442,253,in,8,in,in,IN,_,11,case
16124442,254,the,9,the,the,DT,_,11,det
16124442,255,SH,10,SH,sh,NN,_,11,compound
16124442,256,group,11,group,group,NN,_,4,nmod
16124442,257,was,12,was,be,VBD,_,14,cop
16124442,258,significantly,13,significantly,significantly,RB,_,14,advmod
16124442,259,more,14,more,more,JJR,_,0,ROOT
16124442,260,than,15,than,than,IN,_,16,case
16124442,261,that,16,that,that,DT,_,14,nmod
16124442,262,in,17,in,in,IN,_,20,case
16124442,263,the,18,the,the,DT,_,20,det
16124442,264,placebo,19,placebo,placebo,NN,_,20,compound
16124442,265,group,20,group,group,NN,_,16,nmod
16124442,266,.,21,.,.,.,_,14,punct
16124442,267,The,1,The,the,DT,_,3,det
16124442,268,CD4,2,CD4,cd4,NN,_,3,compound
16124442,269,cells,3,cells,cell,NNS,_,0,ROOT
16124442,270,in,4,in,in,IN,_,7,case
16124442,271,the,5,the,the,DT,_,7,det
16124442,272,SH,6,SH,sh,NN,_,7,compound
16124442,273,group,7,group,group,NN,_,3,nmod
16124442,274,at,8,at,at,IN,_,9,case
16124442,275,week,9,week,week,NN,_,3,nmod
16124442,276,12,10,12,12,CD,_,9,nummod
16124442,277,and,11,and,and,CC,_,3,cc
16124442,278,thereafter,12,thereafter,thereafter,RB,_,15,advmod
16124442,279,were,13,were,be,VBD,_,15,auxpass
16124442,280,significantly,14,significantly,significantly,RB,_,15,advmod
16124442,281,increased,15,increased,increase,VBN,_,3,conj
16124442,282,from,16,from,from,IN,_,19,case
16124442,283,the,17,the,the,DT,_,19,det
16124442,284,baseline,18,baseline,baseline,NN,_,19,compound
16124442,285,value,19,value,value,NN,_,15,nmod
16124442,286,.,20,.,.,.,_,3,punct
16124442,287,Serious,1,Serious,serious,JJ,_,3,amod
16124442,288,adverse,2,adverse,adverse,JJ,_,3,amod
16124442,289,events,3,events,event,NNS,_,10,nsubjpass
16124442,290,in,4,in,in,IN,_,7,case
16124442,291,the,5,the,the,DT,_,7,det
16124442,292,two,6,two,two,CD,_,7,nummod
16124442,293,groups,7,groups,group,NNS,_,3,nmod
16124442,294,were,8,were,be,VBD,_,10,auxpass
16124442,295,not,9,not,not,RB,_,10,neg
16124442,296,observed,10,observed,observe,VBN,_,0,ROOT
16124442,297,.,11,.,.,.,_,10,punct
16124442,298,It,1,It,it,PRP,_,3,nsubjpass
16124442,299,is,2,is,be,VBZ,_,3,auxpass
16124442,300,concluded,3,concluded,conclude,VBN,_,0,ROOT
16124442,301,that,4,that,that,IN,_,16,mark
16124442,302,an,5,an,a,DT,_,6,det
16124442,303,addition,6,addition,addition,NN,_,16,nsubj
16124442,304,of,7,of,of,IN,_,9,case
16124442,305,SH,8,SH,sh,NN,_,9,compound
16124442,306,herbs,9,herbs,herb,NNS,_,6,nmod
16124442,307,to,10,to,to,TO,_,15,case
16124442,308,two,11,two,two,CD,_,15,nummod
16124442,309,nucleoside,12,nucleoside,nucleoside,JJ,_,15,amod
16124442,310,reverse,13,reverse,reverse,JJ,_,15,amod
16124442,311,transcriptase,14,transcriptase,transcriptase,NN,_,15,compound
16124442,312,inhibitors,15,inhibitors,inhibitor,NNS,_,6,nmod
16124442,313,has,16,has,have,VBZ,_,3,ccomp
16124442,314,greater,17,greater,greater,JJR,_,19,amod
16124442,315,antiviral,18,antiviral,antiviral,JJ,_,19,amod
16124442,316,activity,19,activity,activity,NN,_,16,dobj
16124442,317,than,20,than,than,IN,_,21,case
16124442,318,antiretrovirals,21,antiretrovirals,antiretroviral,NNS,_,19,nmod
16124442,319,only,22,only,only,RB,_,16,advmod
16124442,320,.,23,.,.,.,_,3,punct
16124442,321,The,1,The,the,DT,_,3,det
16124442,322,SH,2,SH,sh,NN,_,3,compound
16124442,323,herbs,3,herbs,herb,NNS,_,7,nsubj
16124442,324,may,4,may,may,MD,_,7,aux
16124442,325,be,5,be,be,VB,_,7,cop
16124442,326,an,6,an,a,DT,_,7,det
16124442,327,alternative,7,alternative,alternative,NN,_,0,ROOT
16124442,328,for,8,for,for,IN,_,12,case
16124442,329,the,9,the,the,DT,_,12,det
16124442,330,third,10,third,third,JJ,_,12,amod
16124442,331,anti-retroviral,11,anti-retroviral,anti-retroviral,JJ,_,12,amod
16124442,332,agent,12,agent,agent,NN,_,7,nmod
16124442,333,in,13,in,in,IN,_,17,case
16124442,334,the,14,the,the,DT,_,17,det
16124442,335,triple,15,triple,triple,JJ,_,17,amod
16124442,336,drug,16,drug,drug,NN,_,17,compound
16124442,337,regimen,17,regimen,regimen,NNS,_,7,nmod
16124442,338,for,18,for,for,IN,_,20,case
16124442,339,the,19,the,the,DT,_,20,det
16124442,340,treatment,20,treatment,treatment,NN,_,17,nmod
16124442,341,of,21,of,of,IN,_,24,case
16124442,342,HIV,22,HIV,hiv,NN,_,24,compound
16124442,343,infected,23,infected,infected,JJ,_,24,amod
16124442,344,patients,24,patients,patient,NNS,_,20,nmod
16124442,345,in,25,in,in,IN,_,26,case
16124442,346,countries,26,countries,country,NNS,_,24,nmod
16124442,347,with,27,with,with,IN,_,29,case
16124442,348,limited,28,limited,limited,JJ,_,29,amod
16124442,349,resources,29,resources,resource,NNS,_,24,nmod
16124442,350,.,30,.,.,.,_,7,punct
